-- phpMyAdmin SQL Dump
-- version 4.6.5.2
-- https://www.phpmyadmin.net/
--
-- Host: localhost:8889
-- Generation Time: Mar 22, 2018 at 08:22 AM
-- Server version: 5.6.35
-- PHP Version: 7.0.15

SET SQL_MODE = "NO_AUTO_VALUE_ON_ZERO";
SET time_zone = "+00:00";


/*!40101 SET @OLD_CHARACTER_SET_CLIENT=@@CHARACTER_SET_CLIENT */;
/*!40101 SET @OLD_CHARACTER_SET_RESULTS=@@CHARACTER_SET_RESULTS */;
/*!40101 SET @OLD_COLLATION_CONNECTION=@@COLLATION_CONNECTION */;
/*!40101 SET NAMES utf8mb4 */;

--
-- Database: `360kitchen`
--

-- --------------------------------------------------------

--
-- Table structure for table `accessaries`
--

CREATE TABLE `accessaries` (
  `id` int(11) NOT NULL,
  `name` varchar(100) NOT NULL,
  `description` text NOT NULL,
  `image` varchar(1000) NOT NULL,
  `status` int(11) NOT NULL,
  `created_time` datetime NOT NULL DEFAULT CURRENT_TIMESTAMP,
  `updated_time` datetime DEFAULT NULL,
  `deleted_time` datetime DEFAULT NULL
) ENGINE=InnoDB DEFAULT CHARSET=utf8mb4;

--
-- Dumping data for table `accessaries`
--

INSERT INTO `accessaries` (`id`, `name`, `description`, `image`, `status`, `created_time`, `updated_time`, `deleted_time`) VALUES
(1, 'Spoon Tray', '<ul>\n<li>The size of the cabinet.</li>\n<li>Separation of equipment. Can be handled easily.</li>\n<li>Size ranging from 40 to 100 cm wide.</li>\n</ul>', 'oa_image_2018-01-23_16-11-05.jpg', 1, '2018-01-21 21:16:06', '2018-01-23 16:11:05', NULL),
(2, 'New Moon', 'test', 'oa_image_2018-01-23_16-10-21.jpg', 1, '2018-01-23 16:10:21', '2018-01-23 16:10:37', NULL);

-- --------------------------------------------------------

--
-- Table structure for table `admin`
--

CREATE TABLE `admin` (
  `id` int(10) UNSIGNED NOT NULL,
  `username` varchar(500) NOT NULL,
  `password` varchar(1000) NOT NULL
) ENGINE=InnoDB DEFAULT CHARSET=utf8mb4;

--
-- Dumping data for table `admin`
--

INSERT INTO `admin` (`id`, `username`, `password`) VALUES
(1, 'admin', '$2y$10$mFuT8Dzts6vZz6S29klBzOKlFeSPjWdLSG.QIQYBJmRDkdtQMvvFW');

-- --------------------------------------------------------

--
-- Table structure for table `ci_sessions`
--

CREATE TABLE `ci_sessions` (
  `id` varchar(128) NOT NULL,
  `ip_address` varchar(45) NOT NULL,
  `timestamp` int(10) UNSIGNED NOT NULL DEFAULT '0',
  `data` blob NOT NULL,
  `created_time` timestamp NOT NULL DEFAULT CURRENT_TIMESTAMP
) ENGINE=InnoDB DEFAULT CHARSET=utf8;

--
-- Dumping data for table `ci_sessions`
--

INSERT INTO `ci_sessions` (`id`, `ip_address`, `timestamp`, `data`, `created_time`) VALUES
('cdda14cebc5dda829108168f7a6f68531026f963', '::1', 1520508113, 0x5f5f63695f6c6173745f726567656e65726174657c693a313532303530383131333b, '2018-03-08 11:03:08'),
('1e3fbe977d53e3d729de6e1591d866989a73c00d', '::1', 1520508447, 0x5f5f63695f6c6173745f726567656e65726174657c693a313532303530383434373b, '2018-03-08 11:21:53'),
('f8a54e3b9c0f9a25167d6618b9a8949de73f9d91', '::1', 1520508808, 0x5f5f63695f6c6173745f726567656e65726174657c693a313532303530383830383b, '2018-03-08 11:27:27'),
('923559ce489f1e040e465518a59b0a1d4dc04ec9', '::1', 1520509266, 0x5f5f63695f6c6173745f726567656e65726174657c693a313532303530393236363b, '2018-03-08 11:33:28'),
('10002d63c40b5948925d1d4196c50aba28458e71', '::1', 1520509760, 0x5f5f63695f6c6173745f726567656e65726174657c693a313532303530393736303b, '2018-03-08 11:41:06'),
('8aba662668483b7ba66693a7c11c884102f14dca', '::1', 1520510409, 0x5f5f63695f6c6173745f726567656e65726174657c693a313532303531303430393b, '2018-03-08 11:49:20'),
('b989e7ce8a789f7e4394f06e2a4496fe736829a6', '::1', 1520511135, 0x5f5f63695f6c6173745f726567656e65726174657c693a313532303531313133353b, '2018-03-08 12:00:09'),
('b31e56688a3c07d94561db6a758447486cefc27b', '::1', 1520512010, 0x5f5f63695f6c6173745f726567656e65726174657c693a313532303531323031303b, '2018-03-08 12:12:15'),
('0c0f399667fd28d75508950638fb895d8692a987', '::1', 1520513112, 0x5f5f63695f6c6173745f726567656e65726174657c693a313532303531333131323b, '2018-03-08 12:26:50'),
('5cb6de37e9659a9d473ff15e17d1a8a0965d2cf5', '::1', 1520513517, 0x5f5f63695f6c6173745f726567656e65726174657c693a313532303531333531373b, '2018-03-08 12:45:12'),
('48dcb193d040df484fec3fb2c8eb04772695f610', '::1', 1520513954, 0x5f5f63695f6c6173745f726567656e65726174657c693a313532303531333935343b, '2018-03-08 12:51:57'),
('172c2b28cb8ceca547b437139bcc3d0a6025832e', '::1', 1520514304, 0x5f5f63695f6c6173745f726567656e65726174657c693a313532303531343330343b, '2018-03-08 12:59:14'),
('1d8c78f151c710bb54c6e0b0927979b85b90ce7c', '::1', 1520514665, 0x5f5f63695f6c6173745f726567656e65726174657c693a313532303531343636353b, '2018-03-08 13:05:04'),
('22934c3205abfa834301f4e7e103ae4af02253df', '::1', 1520514970, 0x5f5f63695f6c6173745f726567656e65726174657c693a313532303531343937303b, '2018-03-08 13:11:05'),
('93e67a0ca0cd8c753448a92199b2385e2f00ed0b', '::1', 1520515398, 0x5f5f63695f6c6173745f726567656e65726174657c693a313532303531353339383b, '2018-03-08 13:16:10'),
('ac99f4c0e8a343ac83c52c395023ecaddf28b76b', '::1', 1520515712, 0x5f5f63695f6c6173745f726567656e65726174657c693a313532303531353731323b, '2018-03-08 13:23:18'),
('f4a1f6d2d63412effe173b4920d2ff726eeb2ded', '::1', 1520515743, 0x5f5f63695f6c6173745f726567656e65726174657c693a313532303531353731323b, '2018-03-08 13:28:32'),
('a4b6fc351d2dc4f75fb7e4c007c0db61473801e6', '::1', 1520929035, 0x5f5f63695f6c6173745f726567656e65726174657c693a313532303932383838313b, '2018-03-13 08:14:41'),
('7bdf3ad692fdedd008b5adeb1a5efecd63febd83', '::1', 1521694665, 0x5f5f63695f6c6173745f726567656e65726174657c693a313532313639343636353b, '2018-03-21 10:37:45'),
('ae6cef48bab02ea745f92930b0c5e0f8004dd73d', '::1', 1521694971, 0x5f5f63695f6c6173745f726567656e65726174657c693a313532313639343937313b, '2018-03-22 04:57:46'),
('21881e2ba1ec5123ff31f3b7d4c81d95f4e82492', '::1', 1521695280, 0x5f5f63695f6c6173745f726567656e65726174657c693a313532313639353238303b, '2018-03-22 05:02:51'),
('53baa06c038b285736a5e8c31d6ff0667e4b564e', '::1', 1521695587, 0x5f5f63695f6c6173745f726567656e65726174657c693a313532313639353538373b, '2018-03-22 05:08:00'),
('3f0f5daafe6ea87b0be8f31ad918bb57e33a731c', '::1', 1521696095, 0x5f5f63695f6c6173745f726567656e65726174657c693a313532313639363039353b, '2018-03-22 05:13:07'),
('45ab84f2128027b98ef3899ae35d883fd5d60d81', '::1', 1521698819, 0x5f5f63695f6c6173745f726567656e65726174657c693a313532313639383831393b, '2018-03-22 05:21:35'),
('f03f65ae743d43c65b10006368585a272f5e270e', '::1', 1521698909, 0x5f5f63695f6c6173745f726567656e65726174657c693a313532313639383831393b, '2018-03-22 06:06:59');

-- --------------------------------------------------------

--
-- Table structure for table `component_item`
--

CREATE TABLE `component_item` (
  `id` int(10) UNSIGNED NOT NULL,
  `component_id` int(10) UNSIGNED NOT NULL,
  `item_id` int(10) UNSIGNED NOT NULL,
  `image` varchar(1000) NOT NULL,
  `title` varchar(500) NOT NULL
) ENGINE=InnoDB DEFAULT CHARSET=utf8mb4;

--
-- Dumping data for table `component_item`
--

INSERT INTO `component_item` (`id`, `component_id`, `item_id`, `image`, `title`) VALUES
(1, 1, 1, 'K001_White.jpg', 'Glossy White'),
(2, 1, 2, 'K001_Black.jpg', 'Glossy Black'),
(3, 2, 1, 'K001_03_WW.png', 'White (Frosted Glass)'),
(4, 2, 2, 'K001_03_WB.png', 'Black (Euro Grey Glass)'),
(5, 2, 3, 'K001_03_WM.png', 'Mirror (Frosted Glass)'),
(6, 2, 4, 'K001_03_WC.png', 'Champagne Gold (Euro Bronze Glass)'),
(7, 2, 5, 'K001_03_WR.png', 'Rose Gold (Euro Bronze Glass)'),
(8, 3, 1, 'K002_A_T.jpg', 'Asian Oak'),
(9, 3, 2, 'K002_D_T.jpg', 'Dark Oak'),
(10, 3, 3, 'K002_T_T.jpg', 'Tabacco'),
(11, 4, 1, 'K002_T_02.jpg', 'Euro Bronze Glass'),
(12, 5, 1, 'K003_T_02.jpg', 'Oak'),
(13, 6, 1, 'K003_G1_T.jpg', 'Frosted Glass'),
(14, 6, 2, 'K003_G2_T.jpg', 'Scotch pattern frosted glass');

-- --------------------------------------------------------

--
-- Table structure for table `component_media_detail_file`
--

CREATE TABLE `component_media_detail_file` (
  `id` int(10) UNSIGNED NOT NULL,
  `component_media_detail_id` int(10) UNSIGNED NOT NULL,
  `file` varchar(1000) NOT NULL,
  `is_video` int(11) NOT NULL
) ENGINE=InnoDB DEFAULT CHARSET=utf8mb4;

--
-- Dumping data for table `component_media_detail_file`
--

INSERT INTO `component_media_detail_file` (`id`, `component_media_detail_id`, `file`, `is_video`) VALUES
(1, 1, 'Urbano_point1_01.jpg', 0),
(2, 1, 'Urbano_point1_02.jpg', 0),
(3, 1, 'Urbano_point1_03.jpg', 0),
(4, 2, 'Urbano_point2_01.jpg', 0),
(5, 2, 'Urbano_point2_02.jpg', 0),
(6, 2, 'Urbano_point2_03.jpg', 0),
(7, 2, 'Urbano_point2_04.jpg', 0),
(8, 2, 'Urbano_point2_05.mp4', 1),
(9, 3, 'Tadao_point1_01.jpg', 0),
(10, 3, 'Tadao_point1_02.jpg', 0),
(11, 3, 'Tadao_point1_03.jpg', 0),
(16, 4, 'Tadao_point2_04.mp4', 1),
(17, 5, 'Tadao_point3_01.mp4', 1),
(18, 6, 'Tadao_point4_01.jpg', 0),
(19, 7, 'Tuscano_point1_01.mp4', 1),
(20, 8, 'Tuscano_point2_01.mp4', 1),
(21, 9, 'Tuscano_point3_01.jpg', 0),
(22, 9, 'Tuscano_point3_02.jpg', 0),
(23, 10, 'Tuscano_point4_01.mp4', 1);

-- --------------------------------------------------------

--
-- Table structure for table `component_set`
--

CREATE TABLE `component_set` (
  `id` int(10) UNSIGNED NOT NULL,
  `component_item_id_1` int(10) UNSIGNED NOT NULL,
  `component_item_id_2` int(10) UNSIGNED NOT NULL
) ENGINE=InnoDB DEFAULT CHARSET=utf8mb4;

--
-- Dumping data for table `component_set`
--

INSERT INTO `component_set` (`id`, `component_item_id_1`, `component_item_id_2`) VALUES
(1, 1, 3),
(2, 1, 4),
(3, 1, 5),
(4, 1, 6),
(5, 1, 7),
(6, 2, 3),
(7, 2, 4),
(8, 2, 5),
(9, 2, 6),
(10, 2, 7),
(11, 8, 11),
(12, 9, 11),
(13, 10, 11),
(14, 12, 13),
(15, 12, 14);

-- --------------------------------------------------------

--
-- Table structure for table `component_set_image_detail_map`
--

CREATE TABLE `component_set_image_detail_map` (
  `id` int(10) UNSIGNED NOT NULL,
  `kitchen_id` int(10) UNSIGNED NOT NULL,
  `component_set_media_id` int(10) UNSIGNED NOT NULL,
  `component_set_media_detail_id` int(10) UNSIGNED NOT NULL,
  `pos_x` int(10) NOT NULL,
  `pos_y` int(10) NOT NULL
) ENGINE=InnoDB DEFAULT CHARSET=utf8mb4;

--
-- Dumping data for table `component_set_image_detail_map`
--

INSERT INTO `component_set_image_detail_map` (`id`, `kitchen_id`, `component_set_media_id`, `component_set_media_detail_id`, `pos_x`, `pos_y`) VALUES
(1, 1, 1, 1, 345, 439),
(2, 1, 2, 1, 344, 439),
(3, 1, 3, 1, 343, 439),
(4, 1, 4, 1, 342, 439),
(5, 1, 5, 1, 341, 439),
(6, 1, 6, 1, 341, 439),
(7, 1, 7, 1, 340, 439),
(8, 1, 8, 1, 339, 439),
(9, 1, 9, 1, 338, 439),
(10, 1, 10, 1, 337, 438),
(11, 1, 11, 1, 336, 438),
(12, 1, 12, 1, 335, 438),
(13, 1, 13, 1, 334, 438),
(14, 1, 14, 1, 333, 438),
(15, 1, 15, 1, 333, 438),
(16, 1, 16, 1, 332, 438),
(17, 1, 17, 1, 331, 438),
(18, 1, 18, 1, 330, 438),
(19, 1, 19, 1, 329, 438),
(20, 1, 20, 1, 328, 438),
(21, 1, 21, 1, 327, 438),
(22, 1, 22, 1, 326, 438),
(23, 1, 23, 1, 325, 438),
(24, 1, 24, 1, 325, 438),
(25, 1, 25, 1, 324, 438),
(26, 1, 26, 1, 323, 438),
(27, 1, 27, 1, 322, 437),
(28, 1, 28, 1, 321, 437),
(29, 1, 29, 1, 320, 437),
(30, 1, 30, 1, 319, 437),
(31, 1, 31, 1, 318, 437),
(32, 1, 32, 1, 317, 437),
(33, 1, 33, 1, 317, 437),
(34, 1, 34, 1, 316, 437),
(35, 1, 35, 1, 315, 437),
(36, 1, 36, 1, 314, 437),
(37, 1, 37, 1, 313, 437),
(38, 1, 38, 1, 312, 437),
(39, 1, 39, 1, 311, 437),
(40, 1, 40, 1, 310, 437),
(41, 1, 41, 1, 309, 437),
(42, 1, 42, 1, 309, 437),
(43, 1, 43, 1, 308, 436),
(44, 1, 44, 1, 307, 436),
(45, 1, 45, 1, 306, 436),
(46, 1, 46, 1, 305, 436),
(47, 1, 47, 1, 304, 436),
(48, 1, 48, 1, 303, 436),
(49, 1, 49, 1, 302, 436),
(50, 1, 50, 1, 301, 436),
(51, 1, 51, 1, 301, 436),
(52, 1, 52, 1, 300, 436),
(53, 1, 53, 1, 299, 436),
(54, 1, 54, 1, 298, 436),
(55, 1, 55, 1, 297, 436),
(56, 1, 56, 1, 296, 436),
(57, 1, 57, 1, 295, 436),
(58, 1, 58, 1, 294, 436),
(59, 1, 59, 1, 293, 436),
(60, 1, 60, 1, 292, 435),
(61, 1, 61, 1, 292, 435),
(62, 1, 62, 1, 295, 435),
(63, 1, 63, 1, 295, 433),
(64, 1, 64, 1, 296, 431),
(65, 1, 65, 1, 296, 429),
(66, 1, 66, 1, 297, 427),
(67, 1, 67, 1, 297, 426),
(68, 1, 68, 1, 298, 424),
(69, 1, 69, 1, 298, 422),
(70, 1, 70, 1, 298, 420),
(71, 1, 71, 1, 299, 418),
(72, 1, 72, 1, 299, 416),
(73, 1, 73, 1, 300, 414),
(74, 1, 74, 1, 300, 412),
(75, 1, 75, 1, 300, 410),
(76, 1, 76, 1, 301, 408),
(77, 1, 77, 1, 301, 407),
(78, 1, 78, 1, 302, 405),
(79, 1, 79, 1, 302, 403),
(80, 1, 80, 1, 303, 401),
(81, 1, 81, 1, 303, 399),
(82, 1, 82, 1, 303, 397),
(83, 1, 83, 1, 304, 395),
(84, 1, 84, 1, 304, 393),
(85, 1, 85, 1, 305, 391),
(86, 1, 86, 1, 305, 389),
(87, 1, 87, 1, 306, 388),
(88, 1, 88, 1, 306, 385),
(89, 1, 89, 1, 306, 384),
(90, 1, 90, 1, 307, 382),
(91, 1, 91, 1, 307, 381),
(92, 1, 92, 1, 308, 379),
(93, 1, 93, 1, 308, 378),
(94, 1, 94, 1, 308, 376),
(95, 1, 95, 1, 309, 375),
(96, 1, 96, 1, 309, 373),
(97, 1, 97, 1, 310, 370),
(98, 1, 98, 1, 310, 368),
(99, 1, 99, 1, 311, 367),
(100, 1, 100, 1, 311, 366),
(101, 1, 101, 1, 311, 364),
(102, 1, 102, 1, 312, 363),
(103, 1, 103, 1, 312, 362),
(104, 1, 104, 1, 313, 363),
(105, 1, 105, 1, 313, 363),
(106, 1, 106, 1, 313, 364),
(107, 1, 107, 1, 314, 365),
(108, 1, 108, 1, 320, 365),
(109, 1, 109, 1, 321, 365),
(110, 1, 110, 1, 322, 365),
(111, 1, 111, 1, 323, 365),
(112, 1, 112, 1, 324, 365),
(113, 1, 113, 1, 325, 365),
(114, 1, 114, 1, 325, 365),
(115, 1, 115, 1, 326, 365),
(116, 1, 116, 1, 327, 365),
(117, 1, 117, 1, 328, 365),
(118, 1, 118, 1, 329, 365),
(119, 1, 119, 1, 330, 365),
(120, 1, 120, 1, 331, 365),
(121, 1, 121, 1, 332, 365),
(122, 1, 122, 1, 333, 365),
(123, 1, 123, 1, 334, 365),
(124, 1, 124, 1, 334, 365),
(125, 1, 125, 1, 335, 365),
(126, 1, 126, 1, 336, 365),
(127, 1, 127, 1, 337, 365),
(128, 1, 128, 1, 338, 365),
(129, 1, 129, 1, 339, 365),
(130, 1, 130, 1, 340, 365),
(131, 1, 131, 1, 341, 365),
(132, 1, 132, 1, 342, 365),
(133, 1, 133, 1, 340, 365),
(134, 1, 134, 1, -999, -999),
(135, 1, 135, 1, -999, -999),
(136, 1, 136, 1, -999, -999),
(137, 1, 137, 1, -999, -999),
(138, 1, 138, 1, -999, -999),
(139, 1, 139, 1, -999, -999),
(140, 1, 140, 1, -999, -999),
(141, 1, 141, 1, -999, -999),
(142, 1, 142, 1, -999, -999),
(143, 1, 143, 1, -999, -999),
(144, 1, 144, 1, -999, -999),
(145, 1, 145, 1, -999, -999),
(146, 1, 146, 1, -999, -999),
(147, 1, 147, 1, -999, -999),
(148, 1, 148, 1, -999, -999),
(149, 1, 149, 1, -999, -999),
(150, 1, 150, 1, -999, -999),
(151, 1, 151, 1, -999, -999),
(152, 1, 152, 1, -999, -999),
(153, 1, 153, 1, -999, -999),
(154, 1, 154, 1, -999, -999),
(155, 1, 155, 1, -999, -999),
(156, 1, 156, 1, -999, -999),
(157, 1, 157, 1, -999, -999),
(158, 1, 158, 1, -999, -999),
(159, 1, 159, 1, -999, -999),
(160, 1, 160, 1, -999, -999),
(161, 1, 161, 1, -999, -999),
(162, 1, 162, 1, -999, -999),
(163, 1, 163, 1, -999, -999),
(164, 1, 164, 1, -999, -999),
(165, 1, 165, 1, -999, -999),
(166, 1, 166, 1, -999, -999),
(167, 1, 167, 1, -999, -999),
(168, 1, 168, 1, -999, -999),
(169, 1, 169, 1, -999, -999),
(170, 1, 170, 1, -999, -999),
(171, 1, 171, 1, -999, -999),
(172, 1, 172, 1, -999, -999),
(173, 1, 173, 1, -999, -999),
(174, 1, 174, 1, -999, -999),
(175, 1, 175, 1, -999, -999),
(176, 1, 176, 1, -999, -999),
(177, 1, 177, 1, -999, -999),
(178, 1, 178, 1, -999, -999),
(179, 1, 179, 1, -999, -999),
(180, 1, 180, 1, -999, -999),
(181, 1, 181, 1, -999, -999),
(182, 1, 182, 1, -999, -999),
(183, 1, 183, 1, -999, -999),
(184, 1, 184, 1, -999, -999),
(185, 1, 185, 1, -999, -999),
(186, 1, 186, 1, -999, -999),
(187, 1, 187, 1, -999, -999),
(188, 1, 188, 1, -999, -999),
(189, 1, 189, 1, -999, -999),
(190, 1, 190, 1, -999, -999),
(191, 1, 191, 1, -999, -999),
(192, 1, 192, 1, -999, -999),
(193, 1, 193, 1, -999, -999),
(194, 1, 194, 1, -999, -999),
(195, 1, 195, 1, -999, -999),
(196, 1, 196, 1, -999, -999),
(197, 1, 197, 1, -999, -999),
(198, 1, 198, 1, -999, -999),
(199, 1, 199, 1, -999, -999),
(200, 1, 200, 1, -999, -999),
(201, 1, 201, 2, 345, 501),
(202, 1, 202, 2, 344, 501),
(203, 1, 203, 2, 344, 501),
(204, 1, 204, 2, 343, 501),
(205, 1, 205, 2, 342, 500),
(206, 1, 206, 2, 341, 500),
(207, 1, 207, 2, 341, 500),
(208, 1, 208, 2, 340, 500),
(209, 1, 209, 2, 339, 500),
(210, 1, 210, 2, 338, 500),
(211, 1, 211, 2, 338, 499),
(212, 1, 212, 2, 337, 499),
(213, 1, 213, 2, 336, 499),
(214, 1, 214, 2, 336, 499),
(215, 1, 215, 2, 335, 499),
(216, 1, 216, 2, 334, 499),
(217, 1, 217, 2, 333, 498),
(218, 1, 218, 2, 333, 498),
(219, 1, 219, 2, 332, 498),
(220, 1, 220, 2, 331, 498),
(221, 1, 221, 2, 330, 498),
(222, 1, 222, 2, 330, 498),
(223, 1, 223, 2, 329, 497),
(224, 1, 224, 2, 328, 497),
(225, 1, 225, 2, 327, 497),
(226, 1, 226, 2, 327, 497),
(227, 1, 227, 2, 326, 497),
(228, 1, 228, 2, 325, 497),
(229, 1, 229, 2, 325, 497),
(230, 1, 230, 2, 324, 496),
(231, 1, 231, 2, 323, 496),
(232, 1, 232, 2, 322, 496),
(233, 1, 233, 2, 322, 496),
(234, 1, 234, 2, 321, 496),
(235, 1, 235, 2, 320, 496),
(236, 1, 236, 2, 319, 495),
(237, 1, 237, 2, 319, 495),
(238, 1, 238, 2, 318, 495),
(239, 1, 239, 2, 317, 495),
(240, 1, 240, 2, 317, 495),
(241, 1, 241, 2, 316, 495),
(242, 1, 242, 2, 315, 494),
(243, 1, 243, 2, 314, 494),
(244, 1, 244, 2, 314, 494),
(245, 1, 245, 2, 313, 494),
(246, 1, 246, 2, 312, 494),
(247, 1, 247, 2, 311, 494),
(248, 1, 248, 2, 311, 493),
(249, 1, 249, 2, 310, 493),
(250, 1, 250, 2, 309, 493),
(251, 1, 251, 2, 309, 493),
(252, 1, 252, 2, 308, 493),
(253, 1, 253, 2, 307, 493),
(254, 1, 254, 2, 306, 493),
(255, 1, 255, 2, 306, 492),
(256, 1, 256, 2, 305, 492),
(257, 1, 257, 2, 304, 492),
(258, 1, 258, 2, 303, 492),
(259, 1, 259, 2, 303, 492),
(260, 1, 260, 2, 302, 492),
(261, 1, 261, 2, 301, 491),
(262, 1, 262, 2, 300, 491),
(263, 1, 263, 2, 301, 489),
(264, 1, 264, 2, 301, 487),
(265, 1, 265, 2, 302, 486),
(266, 1, 266, 2, 302, 484),
(267, 1, 267, 2, 303, 482),
(268, 1, 268, 2, 303, 480),
(269, 1, 269, 2, 304, 478),
(270, 1, 270, 2, 304, 477),
(271, 1, 271, 2, 305, 475),
(272, 1, 272, 2, 305, 473),
(273, 1, 273, 2, 306, 471),
(274, 1, 274, 2, 306, 469),
(275, 1, 275, 2, 307, 468),
(276, 1, 276, 2, 307, 466),
(277, 1, 277, 2, 308, 464),
(278, 1, 278, 2, 308, 462),
(279, 1, 279, 2, 309, 460),
(280, 1, 280, 2, 309, 459),
(281, 1, 281, 2, 310, 457),
(282, 1, 282, 2, 310, 455),
(283, 1, 283, 2, 311, 453),
(284, 1, 284, 2, 311, 451),
(285, 1, 285, 2, 312, 450),
(286, 1, 286, 2, 312, 448),
(287, 1, 287, 2, 313, 446),
(288, 1, 288, 2, 313, 444),
(289, 1, 289, 2, 314, 442),
(290, 1, 290, 2, 314, 441),
(291, 1, 291, 2, 315, 439),
(292, 1, 292, 2, 315, 437),
(293, 1, 293, 2, 316, 435),
(294, 1, 294, 2, 316, 433),
(295, 1, 295, 2, 317, 432),
(296, 1, 296, 2, 317, 430),
(297, 1, 297, 2, 318, 428),
(298, 1, 298, 2, 318, 426),
(299, 1, 299, 2, 319, 424),
(300, 1, 300, 2, 319, 423),
(301, 1, 301, 2, 320, 421),
(302, 1, 302, 2, 320, 419),
(303, 1, 303, 2, 321, 417),
(304, 1, 304, 2, 321, 415),
(305, 1, 305, 2, 322, 414),
(306, 1, 306, 2, 322, 412),
(307, 1, 307, 2, 323, 410),
(308, 1, 308, 2, 323, 408),
(309, 1, 309, 2, 324, 406),
(310, 1, 310, 2, 324, 407),
(311, 1, 311, 2, 325, 407),
(312, 1, 312, 2, 325, 408),
(313, 1, 313, 2, 326, 408),
(314, 1, 314, 2, 326, 409),
(315, 1, 315, 2, 327, 410),
(316, 1, 316, 2, 327, 410),
(317, 1, 317, 2, 328, 411),
(318, 1, 318, 2, 328, 411),
(319, 1, 319, 2, 329, 412),
(320, 1, 320, 2, 329, 413),
(321, 1, 321, 2, 330, 413),
(322, 1, 322, 2, 330, 414),
(323, 1, 323, 2, -999, -999),
(324, 1, 324, 2, -999, -999),
(325, 1, 325, 2, -999, -999),
(326, 1, 326, 2, -999, -999),
(327, 1, 327, 2, -999, -999),
(328, 1, 328, 2, -999, -999),
(329, 1, 329, 2, -999, -999),
(330, 1, 330, 2, -999, -999),
(331, 1, 331, 2, -999, -999),
(332, 1, 332, 2, -999, -999),
(333, 1, 333, 2, -999, -999),
(334, 1, 334, 2, -999, -999),
(335, 1, 335, 2, -999, -999),
(336, 1, 336, 2, -999, -999),
(337, 1, 337, 2, -999, -999),
(338, 1, 338, 2, -999, -999),
(339, 1, 339, 2, -999, -999),
(340, 1, 340, 2, -999, -999),
(341, 1, 341, 2, -999, -999),
(342, 1, 342, 2, -999, -999),
(343, 1, 343, 2, -999, -999),
(344, 1, 344, 2, -999, -999),
(345, 1, 345, 2, -999, -999),
(346, 1, 346, 2, -999, -999),
(347, 1, 347, 2, -999, -999),
(348, 1, 348, 2, -999, -999),
(349, 1, 349, 2, -999, -999),
(350, 1, 350, 2, -999, -999),
(351, 1, 351, 2, -999, -999),
(352, 1, 352, 2, -999, -999),
(353, 1, 353, 2, -999, -999),
(354, 1, 354, 2, -999, -999),
(355, 1, 355, 2, -999, -999),
(356, 1, 356, 2, -999, -999),
(357, 1, 357, 2, -999, -999),
(358, 1, 358, 2, -999, -999),
(359, 1, 359, 2, -999, -999),
(360, 1, 360, 2, -999, -999),
(361, 1, 361, 2, -999, -999),
(362, 1, 362, 2, -999, -999),
(363, 1, 363, 2, -999, -999),
(364, 1, 364, 2, -999, -999),
(365, 1, 365, 2, -999, -999),
(366, 1, 366, 2, -999, -999),
(367, 1, 367, 2, -999, -999),
(368, 1, 368, 2, -999, -999),
(369, 1, 369, 2, -999, -999),
(370, 1, 370, 2, -999, -999),
(371, 1, 371, 2, -999, -999),
(372, 1, 372, 2, -999, -999),
(373, 1, 373, 2, -999, -999),
(374, 1, 374, 2, -999, -999),
(375, 1, 375, 2, -999, -999),
(376, 1, 376, 2, -999, -999),
(377, 1, 377, 2, -999, -999),
(378, 1, 378, 2, -999, -999),
(379, 1, 379, 2, -999, -999),
(380, 1, 380, 2, -999, -999),
(381, 1, 381, 2, -999, -999),
(382, 1, 382, 2, -999, -999),
(383, 1, 383, 2, -999, -999),
(384, 1, 384, 2, -999, -999),
(385, 1, 385, 2, -999, -999),
(386, 1, 386, 2, -999, -999),
(387, 1, 387, 2, -999, -999),
(388, 1, 388, 2, -999, -999),
(389, 1, 389, 2, -999, -999),
(390, 1, 390, 2, -999, -999),
(391, 1, 391, 2, -999, -999),
(392, 1, 392, 2, -999, -999),
(393, 1, 393, 2, -999, -999),
(394, 1, 394, 2, -999, -999),
(395, 1, 395, 2, -999, -999),
(396, 1, 396, 2, -999, -999),
(397, 1, 397, 2, -999, -999),
(398, 1, 398, 2, -999, -999),
(399, 1, 399, 2, -999, -999),
(400, 1, 400, 2, -999, -999),
(401, 2, 401, 3, -999, -999),
(402, 2, 402, 3, -999, -999),
(403, 2, 403, 3, -999, -999),
(404, 2, 404, 3, -999, -999),
(405, 2, 405, 3, -999, -999),
(406, 2, 406, 3, -999, -999),
(407, 2, 407, 3, -999, -999),
(408, 2, 408, 3, -999, -999),
(409, 2, 409, 3, -999, -999),
(410, 2, 410, 3, -999, -999),
(411, 2, 411, 3, -999, -999),
(412, 2, 412, 3, -999, -999),
(413, 2, 413, 3, -999, -999),
(414, 2, 414, 3, -999, -999),
(415, 2, 415, 3, -999, -999),
(416, 2, 416, 3, -999, -999),
(417, 2, 417, 3, -999, -999),
(418, 2, 418, 3, -999, -999),
(419, 2, 419, 3, -999, -999),
(420, 2, 420, 3, -999, -999),
(421, 2, 421, 3, -999, -999),
(422, 2, 422, 3, -999, -999),
(423, 2, 423, 3, -999, -999),
(424, 2, 424, 3, -999, -999),
(425, 2, 425, 3, -999, -999),
(426, 2, 426, 3, -999, -999),
(427, 2, 427, 3, -999, -999),
(428, 2, 428, 3, -999, -999),
(429, 2, 429, 3, -999, -999),
(430, 2, 430, 3, -999, -999),
(431, 2, 431, 3, -999, -999),
(432, 2, 432, 3, -999, -999),
(433, 2, 433, 3, -999, -999),
(434, 2, 434, 3, -999, -999),
(435, 2, 435, 3, -999, -999),
(436, 2, 436, 3, -999, -999),
(437, 2, 437, 3, -999, -999),
(438, 2, 438, 3, -999, -999),
(439, 2, 439, 3, -999, -999),
(440, 2, 440, 3, -999, -999),
(441, 2, 441, 3, -999, -999),
(442, 2, 442, 3, -999, -999),
(443, 2, 443, 3, -999, -999),
(444, 2, 444, 3, -999, -999),
(445, 2, 445, 3, -999, -999),
(446, 2, 446, 3, -999, -999),
(447, 2, 447, 3, -999, -999),
(448, 2, 448, 3, -999, -999),
(449, 2, 449, 3, -999, -999),
(450, 2, 450, 3, -999, -999),
(451, 2, 451, 3, -999, -999),
(452, 2, 452, 3, -999, -999),
(453, 2, 453, 3, -999, -999),
(454, 2, 454, 3, -999, -999),
(455, 2, 455, 3, -999, -999),
(456, 2, 456, 3, -999, -999),
(457, 2, 457, 3, -999, -999),
(458, 2, 458, 3, -999, -999),
(459, 2, 459, 3, -999, -999),
(460, 2, 460, 3, -999, -999),
(461, 2, 461, 3, -999, -999),
(462, 2, 462, 3, -999, -999),
(463, 2, 463, 3, -999, -999),
(464, 2, 464, 3, -999, -999),
(465, 2, 465, 3, -999, -999),
(466, 2, 466, 3, -999, -999),
(467, 2, 467, 3, 781, 416),
(468, 2, 468, 3, 781, 415),
(469, 2, 469, 3, 782, 415),
(470, 2, 470, 3, 782, 414),
(471, 2, 471, 3, 782, 413),
(472, 2, 472, 3, 782, 413),
(473, 2, 473, 3, 783, 412),
(474, 2, 474, 3, 783, 412),
(475, 2, 475, 3, 783, 411),
(476, 2, 476, 3, 784, 410),
(477, 2, 477, 3, 784, 410),
(478, 2, 478, 3, 784, 409),
(479, 2, 479, 3, 784, 408),
(480, 2, 480, 3, 785, 408),
(481, 2, 481, 3, 785, 407),
(482, 2, 482, 3, 785, 406),
(483, 2, 483, 3, 785, 406),
(484, 2, 484, 3, 786, 405),
(485, 2, 485, 3, 786, 404),
(486, 2, 486, 3, 786, 404),
(487, 2, 487, 3, 787, 403),
(488, 2, 488, 3, 787, 403),
(489, 2, 489, 3, 787, 402),
(490, 2, 490, 3, 787, 401),
(491, 2, 491, 3, 788, 401),
(492, 2, 492, 3, 788, 400),
(493, 2, 493, 3, 788, 399),
(494, 2, 494, 3, 789, 399),
(495, 2, 495, 3, 789, 398),
(496, 2, 496, 3, 789, 399),
(497, 2, 497, 3, 789, 400),
(498, 2, 498, 3, 789, 402),
(499, 2, 499, 3, 789, 403),
(500, 2, 500, 3, 789, 404),
(501, 2, 501, 3, 789, 405),
(502, 2, 502, 3, 790, 406),
(503, 2, 503, 3, 790, 408),
(504, 2, 504, 3, 790, 409),
(505, 2, 505, 3, 790, 410),
(506, 2, 506, 3, 790, 411),
(507, 2, 507, 3, 790, 412),
(508, 2, 508, 3, 790, 414),
(509, 2, 509, 3, 790, 415),
(510, 2, 510, 3, 790, 416),
(511, 2, 511, 3, 790, 417),
(512, 2, 512, 3, 790, 418),
(513, 2, 513, 3, 790, 420),
(514, 2, 514, 3, 791, 421),
(515, 2, 515, 3, 791, 422),
(516, 2, 516, 3, 791, 423),
(517, 2, 517, 3, 791, 424),
(518, 2, 518, 3, 791, 426),
(519, 2, 519, 3, 791, 427),
(520, 2, 520, 3, 791, 428),
(521, 2, 521, 3, 791, 430),
(522, 2, 522, 3, 791, 432),
(523, 2, 523, 3, 791, 434),
(524, 2, 524, 3, 791, 436),
(525, 2, 525, 3, 791, 438),
(526, 2, 526, 3, 791, 440),
(527, 2, 527, 3, 791, 442),
(528, 2, 528, 3, 791, 444),
(529, 2, 529, 3, 791, 446),
(530, 2, 530, 3, 791, 448),
(531, 2, 531, 3, 791, 450),
(532, 2, 532, 3, 791, 452),
(533, 2, 533, 3, 791, 454),
(534, 2, 534, 3, 791, 456),
(535, 2, 535, 3, 791, 458),
(536, 2, 536, 3, 791, 460),
(537, 2, 537, 3, 791, 460),
(538, 2, 538, 3, 791, 461),
(539, 2, 539, 3, 791, 461),
(540, 2, 540, 3, 791, 461),
(541, 2, 541, 3, 791, 462),
(542, 2, 542, 3, 791, 462),
(543, 2, 543, 3, 791, 462),
(544, 2, 544, 3, 791, 463),
(545, 2, 545, 3, 791, 463),
(546, 2, 546, 3, 791, 463),
(547, 2, 547, 3, 791, 463),
(548, 2, 548, 3, 791, 464),
(549, 2, 549, 3, 791, 464),
(550, 2, 550, 3, 791, 464),
(551, 2, 551, 3, 791, 465),
(552, 2, 552, 3, 791, 475),
(553, 2, 553, 3, 790, 475),
(554, 2, 554, 3, 790, 475),
(555, 2, 555, 3, 789, 475),
(556, 2, 556, 3, 789, 475),
(557, 2, 557, 3, 788, 476),
(558, 2, 558, 3, 787, 476),
(559, 2, 559, 3, 787, 476),
(560, 2, 560, 3, 786, 476),
(561, 2, 561, 3, 785, 476),
(562, 2, 562, 3, 785, 476),
(563, 2, 563, 3, 784, 476),
(564, 2, 564, 3, 784, 476),
(565, 2, 565, 3, 783, 476),
(566, 2, 566, 3, 782, 476),
(567, 2, 567, 3, 782, 477),
(568, 2, 568, 3, 781, 477),
(569, 2, 569, 3, 780, 477),
(570, 2, 570, 3, 780, 477),
(571, 2, 571, 3, 779, 477),
(572, 2, 572, 3, 779, 477),
(573, 2, 573, 3, 778, 477),
(574, 2, 574, 3, 777, 477),
(575, 2, 575, 3, 777, 477),
(576, 2, 576, 3, 776, 477),
(577, 2, 577, 3, 775, 478),
(578, 2, 578, 3, 775, 478),
(579, 2, 579, 3, 774, 478),
(580, 2, 580, 3, 774, 478),
(581, 2, 581, 3, 773, 478),
(582, 2, 582, 3, 772, 478),
(583, 2, 583, 3, 772, 478),
(584, 2, 584, 3, 771, 478),
(585, 2, 585, 3, 770, 478),
(586, 2, 586, 3, 770, 478),
(587, 2, 587, 3, 769, 479),
(588, 2, 588, 3, 769, 479),
(589, 2, 589, 3, 768, 479),
(590, 2, 590, 3, 767, 479),
(591, 2, 591, 3, 767, 479),
(592, 2, 592, 3, 766, 479),
(593, 2, 593, 3, 765, 479),
(594, 2, 594, 3, 765, 479),
(595, 2, 595, 3, 764, 479),
(596, 2, 596, 3, 764, 479),
(597, 2, 597, 3, 763, 480),
(598, 2, 598, 3, 762, 480),
(599, 2, 599, 3, 762, 480),
(600, 2, 600, 3, 761, 480),
(601, 2, 601, 4, 884, 462),
(602, 2, 602, 4, 884, 462),
(603, 2, 603, 4, 885, 462),
(604, 2, 604, 4, 885, 462),
(605, 2, 605, 4, 885, 462),
(606, 2, 606, 4, 886, 462),
(607, 2, 607, 4, 886, 462),
(608, 2, 608, 4, 886, 462),
(609, 2, 609, 4, 887, 462),
(610, 2, 610, 4, 887, 462),
(611, 2, 611, 4, 887, 462),
(612, 2, 612, 4, 888, 462),
(613, 2, 613, 4, 888, 462),
(614, 2, 614, 4, 888, 462),
(615, 2, 615, 4, 889, 462),
(616, 2, 616, 4, 889, 462),
(617, 2, 617, 4, 889, 462),
(618, 2, 618, 4, 890, 462),
(619, 2, 619, 4, 890, 462),
(620, 2, 620, 4, 890, 462),
(621, 2, 621, 4, 891, 462),
(622, 2, 622, 4, 891, 462),
(623, 2, 623, 4, 892, 462),
(624, 2, 624, 4, 892, 462),
(625, 2, 625, 4, 892, 462),
(626, 2, 626, 4, 893, 462),
(627, 2, 627, 4, 893, 462),
(628, 2, 628, 4, 893, 462),
(629, 2, 629, 4, 894, 462),
(630, 2, 630, 4, 894, 462),
(631, 2, 631, 4, 894, 462),
(632, 2, 632, 4, 895, 462),
(633, 2, 633, 4, 895, 462),
(634, 2, 634, 4, 895, 462),
(635, 2, 635, 4, 896, 462),
(636, 2, 636, 4, 896, 462),
(637, 2, 637, 4, 896, 462),
(638, 2, 638, 4, 897, 462),
(639, 2, 639, 4, 897, 462),
(640, 2, 640, 4, 897, 462),
(641, 2, 641, 4, 898, 462),
(642, 2, 642, 4, 898, 462),
(643, 2, 643, 4, 898, 462),
(644, 2, 644, 4, 899, 462),
(645, 2, 645, 4, 899, 462),
(646, 2, 646, 4, 900, 461),
(647, 2, 647, 4, 900, 461),
(648, 2, 648, 4, 901, 460),
(649, 2, 649, 4, 901, 460),
(650, 2, 650, 4, 902, 459),
(651, 2, 651, 4, 902, 459),
(652, 2, 652, 4, 903, 458),
(653, 2, 653, 4, 903, 458),
(654, 2, 654, 4, 904, 457),
(655, 2, 655, 4, 904, 457),
(656, 2, 656, 4, 905, 456),
(657, 2, 657, 4, 905, 455),
(658, 2, 658, 4, 906, 455),
(659, 2, 659, 4, 906, 454),
(660, 2, 660, 4, 907, 454),
(661, 2, 661, 4, 907, 453),
(662, 2, 662, 4, 908, 453),
(663, 2, 663, 4, 908, 452),
(664, 2, 664, 4, 908, 450),
(665, 2, 665, 4, 909, 449),
(666, 2, 666, 4, 909, 447),
(667, 2, 667, 4, 909, 445),
(668, 2, 668, 4, 910, 444),
(669, 2, 669, 4, 910, 442),
(670, 2, 670, 4, 910, 440),
(671, 2, 671, 4, 910, 438),
(672, 2, 672, 4, 911, 437),
(673, 2, 673, 4, 911, 435),
(674, 2, 674, 4, 911, 433),
(675, 2, 675, 4, 912, 432),
(676, 2, 676, 4, 912, 430),
(677, 2, 677, 4, 912, 430),
(678, 2, 678, 4, 911, 430),
(679, 2, 679, 4, 911, 430),
(680, 2, 680, 4, 911, 430),
(681, 2, 681, 4, 911, 430),
(682, 2, 682, 4, 910, 430),
(683, 2, 683, 4, 910, 430),
(684, 2, 684, 4, 910, 430),
(685, 2, 685, 4, 910, 430),
(686, 2, 686, 4, 909, 430),
(687, 2, 687, 4, 909, 430),
(688, 2, 688, 4, 909, 430),
(689, 2, 689, 4, 906, 430),
(690, 2, 690, 4, 905, 431),
(691, 2, 691, 4, 905, 431),
(692, 2, 692, 4, 904, 432),
(693, 2, 693, 4, 904, 433),
(694, 2, 694, 4, 903, 434),
(695, 2, 695, 4, 902, 434),
(696, 2, 696, 4, 902, 435),
(697, 2, 697, 4, 901, 436),
(698, 2, 698, 4, 901, 436),
(699, 2, 699, 4, 900, 437),
(700, 2, 700, 4, 899, 439),
(701, 2, 701, 4, 899, 440),
(702, 2, 702, 4, 898, 442),
(703, 2, 703, 4, 898, 443),
(704, 2, 704, 4, 897, 445),
(705, 2, 705, 4, 897, 447),
(706, 2, 706, 4, 896, 448),
(707, 2, 707, 4, 896, 450),
(708, 2, 708, 4, 895, 451),
(709, 2, 709, 4, 894, 453),
(710, 2, 710, 4, 894, 455),
(711, 2, 711, 4, 893, 456),
(712, 2, 712, 4, 893, 458),
(713, 2, 713, 4, 892, 459),
(714, 2, 714, 4, 892, 461),
(715, 2, 715, 4, 891, 462),
(716, 2, 716, 4, 891, 464),
(717, 2, 717, 4, 890, 466),
(718, 2, 718, 4, 889, 467),
(719, 2, 719, 4, 889, 469),
(720, 2, 720, 4, 888, 470),
(721, 2, 721, 4, 888, 472),
(722, 2, 722, 4, 887, 474),
(723, 2, 723, 4, 887, 475),
(724, 2, 724, 4, 886, 477),
(725, 2, 725, 4, 886, 478),
(726, 2, 726, 4, 885, 480),
(727, 2, 727, 4, 884, 481),
(728, 2, 728, 4, 883, 482),
(729, 2, 729, 4, 881, 483),
(730, 2, 730, 4, 880, 484),
(731, 2, 731, 4, 879, 485),
(732, 2, 732, 4, 878, 485),
(733, 2, 733, 4, 877, 486),
(734, 2, 734, 4, 876, 487),
(735, 2, 735, 4, 874, 488),
(736, 2, 736, 4, 873, 489),
(737, 2, 737, 4, 872, 490),
(738, 2, 738, 4, 871, 490),
(739, 2, 739, 4, 869, 490),
(740, 2, 740, 4, 868, 490),
(741, 2, 741, 4, 866, 489),
(742, 2, 742, 4, 865, 489),
(743, 2, 743, 4, 863, 489),
(744, 2, 744, 4, 862, 489),
(745, 2, 745, 4, 861, 489),
(746, 2, 746, 4, 859, 489),
(747, 2, 747, 4, 858, 488),
(748, 2, 748, 4, 856, 488),
(749, 2, 749, 4, 855, 488),
(750, 2, 750, 4, 854, 488),
(751, 2, 751, 4, 852, 488),
(752, 2, 752, 4, 851, 488),
(753, 2, 753, 4, 849, 487),
(754, 2, 754, 4, 848, 487),
(755, 2, 755, 4, 846, 487),
(756, 2, 756, 4, 845, 487),
(757, 2, 757, 4, 844, 487),
(758, 2, 758, 4, 842, 488),
(759, 2, 759, 4, 841, 488),
(760, 2, 760, 4, 840, 488),
(761, 2, 761, 4, 838, 489),
(762, 2, 762, 4, 837, 489),
(763, 2, 763, 4, 836, 489),
(764, 2, 764, 4, 834, 490),
(765, 2, 765, 4, 833, 490),
(766, 2, 766, 4, 832, 490),
(767, 2, 767, 4, 830, 491),
(768, 2, 768, 4, 829, 491),
(769, 2, 769, 4, 828, 491),
(770, 2, 770, 4, 826, 491),
(771, 2, 771, 4, 825, 492),
(772, 2, 772, 4, 824, 492),
(773, 2, 773, 4, 822, 492),
(774, 2, 774, 4, 821, 493),
(775, 2, 775, 4, 820, 493),
(776, 2, 776, 4, 818, 493),
(777, 2, 777, 4, 817, 494),
(778, 2, 778, 4, 816, 494),
(779, 2, 779, 4, 814, 494),
(780, 2, 780, 4, 813, 495),
(781, 2, 781, 4, 811, 495),
(782, 2, 782, 4, 810, 495),
(783, 2, 783, 4, 809, 496),
(784, 2, 784, 4, 807, 496),
(785, 2, 785, 4, 806, 496),
(786, 2, 786, 4, 805, 497),
(787, 2, 787, 4, 803, 497),
(788, 2, 788, 4, 802, 497),
(789, 2, 789, 4, 801, 498),
(790, 2, 790, 4, 799, 498),
(791, 2, 791, 4, 798, 498),
(792, 2, 792, 4, 797, 498),
(793, 2, 793, 4, 795, 499),
(794, 2, 794, 4, 794, 499),
(795, 2, 795, 4, 793, 499),
(796, 2, 796, 4, 791, 500),
(797, 2, 797, 4, 790, 500),
(798, 2, 798, 4, 789, 500),
(799, 2, 799, 4, 787, 501),
(800, 2, 800, 4, 786, 501),
(801, 2, 801, 5, 805, 244),
(802, 2, 802, 5, 806, 244),
(803, 2, 803, 5, 806, 244),
(804, 2, 804, 5, 807, 244),
(805, 2, 805, 5, 808, 244),
(806, 2, 806, 5, 808, 244),
(807, 2, 807, 5, 809, 243),
(808, 2, 808, 5, 810, 243),
(809, 2, 809, 5, 810, 243),
(810, 2, 810, 5, 811, 243),
(811, 2, 811, 5, 812, 243),
(812, 2, 812, 5, 813, 243),
(813, 2, 813, 5, 813, 243),
(814, 2, 814, 5, 814, 243),
(815, 2, 815, 5, 815, 243),
(816, 2, 816, 5, 815, 243),
(817, 2, 817, 5, 816, 243),
(818, 2, 818, 5, 817, 242),
(819, 2, 819, 5, 817, 242),
(820, 2, 820, 5, 818, 242),
(821, 2, 821, 5, 819, 242),
(822, 2, 822, 5, 819, 242),
(823, 2, 823, 5, 820, 242),
(824, 2, 824, 5, 821, 242),
(825, 2, 825, 5, 821, 242),
(826, 2, 826, 5, 822, 242),
(827, 2, 827, 5, 823, 242),
(828, 2, 828, 5, 823, 242),
(829, 2, 829, 5, 824, 241),
(830, 2, 830, 5, 825, 241),
(831, 2, 831, 5, 825, 241),
(832, 2, 832, 5, 826, 241),
(833, 2, 833, 5, 827, 241),
(834, 2, 834, 5, 828, 241),
(835, 2, 835, 5, 828, 241),
(836, 2, 836, 5, 829, 241),
(837, 2, 837, 5, 830, 241),
(838, 2, 838, 5, 830, 241),
(839, 2, 839, 5, 831, 241),
(840, 2, 840, 5, 832, 240),
(841, 2, 841, 5, 832, 240),
(842, 2, 842, 5, 833, 240),
(843, 2, 843, 5, 834, 240),
(844, 2, 844, 5, 834, 240),
(845, 2, 845, 5, 835, 240),
(846, 2, 846, 5, 836, 239),
(847, 2, 847, 5, 837, 238),
(848, 2, 848, 5, 838, 237),
(849, 2, 849, 5, 839, 236),
(850, 2, 850, 5, 840, 235),
(851, 2, 851, 5, 841, 234),
(852, 2, 852, 5, 842, 233),
(853, 2, 853, 5, 843, 232),
(854, 2, 854, 5, 844, 230),
(855, 2, 855, 5, 845, 229),
(856, 2, 856, 5, 846, 228),
(857, 2, 857, 5, 847, 227),
(858, 2, 858, 5, 848, 226),
(859, 2, 859, 5, 849, 225),
(860, 2, 860, 5, 850, 224),
(861, 2, 861, 5, 851, 223),
(862, 2, 862, 5, 852, 222),
(863, 2, 863, 5, 853, 221),
(864, 2, 864, 5, 854, 220),
(865, 2, 865, 5, 855, 219),
(866, 2, 866, 5, 856, 218),
(867, 2, 867, 5, 857, 217),
(868, 2, 868, 5, 858, 216),
(869, 2, 869, 5, 859, 215),
(870, 2, 870, 5, 859, 213),
(871, 2, 871, 5, 860, 212),
(872, 2, 872, 5, 861, 211),
(873, 2, 873, 5, 862, 210),
(874, 2, 874, 5, 863, 209),
(875, 2, 875, 5, 864, 208),
(876, 2, 876, 5, 865, 207),
(877, 2, 877, 5, 866, 206),
(878, 2, 878, 5, 867, 205),
(879, 2, 879, 5, 868, 204),
(880, 2, 880, 5, 869, 203),
(881, 2, 881, 5, 870, 202),
(882, 2, 882, 5, 871, 201),
(883, 2, 883, 5, 872, 200),
(884, 2, 884, 5, 873, 199),
(885, 2, 885, 5, 874, 198),
(886, 2, 886, 5, 875, 196),
(887, 2, 887, 5, 876, 195),
(888, 2, 888, 5, 877, 194),
(889, 2, 889, 5, 878, 193),
(890, 2, 890, 5, 879, 192),
(891, 2, 891, 5, 880, 191),
(892, 2, 892, 5, 881, 190),
(893, 2, 893, 5, 882, 189),
(894, 2, 894, 5, 883, 188),
(895, 2, 895, 5, 883, 189),
(896, 2, 896, 5, 883, 190),
(897, 2, 897, 5, 884, 191),
(898, 2, 898, 5, 884, 191),
(899, 2, 899, 5, 884, 192),
(900, 2, 900, 5, 884, 193),
(901, 2, 901, 5, 884, 194),
(902, 2, 902, 5, 884, 195),
(903, 2, 903, 5, 885, 196),
(904, 2, 904, 5, 885, 197),
(905, 2, 905, 5, 885, 197),
(906, 2, 906, 5, 885, 198),
(907, 2, 907, 5, 885, 199),
(908, 2, 908, 5, 886, 200),
(909, 2, 909, 5, 886, 201),
(910, 2, 910, 5, 886, 202),
(911, 2, 911, 5, 886, 202),
(912, 2, 912, 5, 886, 203),
(913, 2, 913, 5, 887, 204),
(914, 2, 914, 5, 887, 205),
(915, 2, 915, 5, 887, 206),
(916, 2, 916, 5, 887, 207),
(917, 2, 917, 5, 887, 208),
(918, 2, 918, 5, 887, 208),
(919, 2, 919, 5, 888, 209),
(920, 2, 920, 5, 888, 210),
(921, 2, 921, 5, 888, 211),
(922, 2, 922, 5, 888, 211),
(923, 2, 923, 5, 887, 212),
(924, 2, 924, 5, 887, 212),
(925, 2, 925, 5, 886, 213),
(926, 2, 926, 5, 886, 213),
(927, 2, 927, 5, 885, 214),
(928, 2, 928, 5, 885, 214),
(929, 2, 929, 5, 884, 214),
(930, 2, 930, 5, 884, 215),
(931, 2, 931, 5, 883, 215),
(932, 2, 932, 5, 883, 216),
(933, 2, 933, 5, 882, 216),
(934, 2, 934, 5, 882, 217),
(935, 2, 935, 5, 881, 217),
(936, 2, 936, 5, 880, 217),
(937, 2, 937, 5, 879, 217),
(938, 2, 938, 5, 878, 217),
(939, 2, 939, 5, 878, 216),
(940, 2, 940, 5, 877, 216),
(941, 2, 941, 5, 876, 216),
(942, 2, 942, 5, 875, 216),
(943, 2, 943, 5, 874, 216),
(944, 2, 944, 5, 873, 216),
(945, 2, 945, 5, 873, 215),
(946, 2, 946, 5, 872, 215),
(947, 2, 947, 5, 871, 215),
(948, 2, 948, 5, 870, 215),
(949, 2, 949, 5, 869, 215),
(950, 2, 950, 5, 868, 215),
(951, 2, 951, 5, 867, 215),
(952, 2, 952, 5, 867, 214),
(953, 2, 953, 5, 866, 214),
(954, 2, 954, 5, 865, 214),
(955, 2, 955, 5, 864, 214),
(956, 2, 956, 5, 863, 214),
(957, 2, 957, 5, 862, 214),
(958, 2, 958, 5, 862, 213),
(959, 2, 959, 5, 861, 213),
(960, 2, 960, 5, 860, 213),
(961, 2, 961, 5, 859, 213),
(962, 2, 962, 5, 858, 213),
(963, 2, 963, 5, 857, 213),
(964, 2, 964, 5, 856, 213),
(965, 2, 965, 5, 856, 212),
(966, 2, 966, 5, 855, 212),
(967, 2, 967, 5, 854, 212),
(968, 2, 968, 5, 853, 212),
(969, 2, 969, 5, 852, 212),
(970, 2, 970, 5, 851, 212),
(971, 2, 971, 5, 851, 211),
(972, 2, 972, 5, 850, 211),
(973, 2, 973, 5, 849, 211),
(974, 2, 974, 5, 848, 211),
(975, 2, 975, 5, 847, 211),
(976, 2, 976, 5, 846, 211),
(977, 2, 977, 5, 845, 211),
(978, 2, 978, 5, 845, 210),
(979, 2, 979, 5, 844, 210),
(980, 2, 980, 5, 843, 210),
(981, 2, 981, 5, 842, 210),
(982, 2, 982, 5, 841, 210),
(983, 2, 983, 5, 840, 210),
(984, 2, 984, 5, 840, 209),
(985, 2, 985, 5, 839, 209),
(986, 2, 986, 5, 838, 209),
(987, 2, 987, 5, 837, 209),
(988, 2, 988, 5, 836, 209),
(989, 2, 989, 5, 835, 209),
(990, 2, 990, 5, 834, 209),
(991, 2, 991, 5, 834, 208),
(992, 2, 992, 5, 833, 208),
(993, 2, 993, 5, 832, 208),
(994, 2, 994, 5, 831, 208),
(995, 2, 995, 5, 830, 208),
(996, 2, 996, 5, 829, 208),
(997, 2, 997, 5, 829, 207),
(998, 2, 998, 5, 828, 207),
(999, 2, 999, 5, 827, 207),
(1000, 2, 1000, 5, 826, 207),
(1001, 2, 1001, 6, 894, 578),
(1002, 2, 1002, 6, 893, 578),
(1003, 2, 1003, 6, 892, 579),
(1004, 2, 1004, 6, 891, 579),
(1005, 2, 1005, 6, 890, 579),
(1006, 2, 1006, 6, 888, 580),
(1007, 2, 1007, 6, 887, 580),
(1008, 2, 1008, 6, 886, 580),
(1009, 2, 1009, 6, 885, 581),
(1010, 2, 1010, 6, 884, 581),
(1011, 2, 1011, 6, 883, 581),
(1012, 2, 1012, 6, 882, 582),
(1013, 2, 1013, 6, 881, 582),
(1014, 2, 1014, 6, 879, 582),
(1015, 2, 1015, 6, 878, 583),
(1016, 2, 1016, 6, 877, 583),
(1017, 2, 1017, 6, 876, 583),
(1018, 2, 1018, 6, 875, 584),
(1019, 2, 1019, 6, 874, 584),
(1020, 2, 1020, 6, 873, 584),
(1021, 2, 1021, 6, 872, 585),
(1022, 2, 1022, 6, 870, 585),
(1023, 2, 1023, 6, 869, 585),
(1024, 2, 1024, 6, 868, 586),
(1025, 2, 1025, 6, 867, 586),
(1026, 2, 1026, 6, 866, 586),
(1027, 2, 1027, 6, 865, 587),
(1028, 2, 1028, 6, 864, 587),
(1029, 2, 1029, 6, 863, 587),
(1030, 2, 1030, 6, 861, 588),
(1031, 2, 1031, 6, 860, 588),
(1032, 2, 1032, 6, 859, 588),
(1033, 2, 1033, 6, 858, 589),
(1034, 2, 1034, 6, 857, 589),
(1035, 2, 1035, 6, 856, 589),
(1036, 2, 1036, 6, 855, 589),
(1037, 2, 1037, 6, 854, 590),
(1038, 2, 1038, 6, 852, 590),
(1039, 2, 1039, 6, 851, 590),
(1040, 2, 1040, 6, 850, 591),
(1041, 2, 1041, 6, 849, 591),
(1042, 2, 1042, 6, 848, 591),
(1043, 2, 1043, 6, 847, 592),
(1044, 2, 1044, 6, 846, 592),
(1045, 2, 1045, 6, 845, 592),
(1046, 2, 1046, 6, 843, 593),
(1047, 2, 1047, 6, 842, 593),
(1048, 2, 1048, 6, 841, 593),
(1049, 2, 1049, 6, 840, 594),
(1050, 2, 1050, 6, 839, 594),
(1051, 2, 1051, 6, 838, 594),
(1052, 2, 1052, 6, 837, 595),
(1053, 2, 1053, 6, 836, 595),
(1054, 2, 1054, 6, 834, 595),
(1055, 2, 1055, 6, 833, 596),
(1056, 2, 1056, 6, 832, 596),
(1057, 2, 1057, 6, 831, 596),
(1058, 2, 1058, 6, 830, 597),
(1059, 2, 1059, 6, 829, 597),
(1060, 2, 1060, 6, 828, 597),
(1061, 2, 1061, 6, 827, 598),
(1062, 2, 1062, 6, 825, 598),
(1063, 2, 1063, 6, 824, 598),
(1064, 2, 1064, 6, 823, 599),
(1065, 2, 1065, 6, 822, 599),
(1066, 2, 1066, 6, 819, 599),
(1067, 2, 1067, 6, 816, 599),
(1068, 2, 1068, 6, 812, 599),
(1069, 2, 1069, 6, 809, 599),
(1070, 2, 1070, 6, 806, 599),
(1071, 2, 1071, 6, 803, 599),
(1072, 2, 1072, 6, 800, 599),
(1073, 2, 1073, 6, 796, 599),
(1074, 2, 1074, 6, 793, 599),
(1075, 2, 1075, 6, 790, 600),
(1076, 2, 1076, 6, 787, 600),
(1077, 2, 1077, 6, 783, 600),
(1078, 2, 1078, 6, 780, 600),
(1079, 2, 1079, 6, 777, 600),
(1080, 2, 1080, 6, 774, 600),
(1081, 2, 1081, 6, 771, 600),
(1082, 2, 1082, 6, 767, 600),
(1083, 2, 1083, 6, 764, 600),
(1084, 2, 1084, 6, 761, 600),
(1085, 2, 1085, 6, 758, 600),
(1086, 2, 1086, 6, 754, 600),
(1087, 2, 1087, 6, 751, 600),
(1088, 2, 1088, 6, 747, 599),
(1089, 2, 1089, 6, 744, 599),
(1090, 2, 1090, 6, 740, 599),
(1091, 2, 1091, 6, 737, 599),
(1092, 2, 1092, 6, 733, 599),
(1093, 2, 1093, 6, 730, 599),
(1094, 2, 1094, 6, 726, 599),
(1095, 2, 1095, 6, 723, 599),
(1096, 2, 1096, 6, 719, 598),
(1097, 2, 1097, 6, 716, 598),
(1098, 2, 1098, 6, 712, 598),
(1099, 2, 1099, 6, 709, 598),
(1100, 2, 1100, 6, 706, 599),
(1101, 2, 1101, 6, 702, 600),
(1102, 2, 1102, 6, 699, 601),
(1103, 2, 1103, 6, 695, 601),
(1104, 2, 1104, 6, 692, 602),
(1105, 2, 1105, 6, 689, 603),
(1106, 2, 1106, 6, 685, 604),
(1107, 2, 1107, 6, 682, 605),
(1108, 2, 1108, 6, 678, 606),
(1109, 2, 1109, 6, 675, 607),
(1110, 2, 1110, 6, 672, 608),
(1111, 2, 1111, 6, 668, 608),
(1112, 2, 1112, 6, 665, 609),
(1113, 2, 1113, 6, 661, 610),
(1114, 2, 1114, 6, 658, 611),
(1115, 2, 1115, 6, 654, 612),
(1116, 2, 1116, 6, 651, 613),
(1117, 2, 1117, 6, 648, 614),
(1118, 2, 1118, 6, 644, 614),
(1119, 2, 1119, 6, 641, 615),
(1120, 2, 1120, 6, 637, 616),
(1121, 2, 1121, 6, 634, 617),
(1122, 2, 1122, 6, 630, 617),
(1123, 2, 1123, 6, 627, 618),
(1124, 2, 1124, 6, 623, 618),
(1125, 2, 1125, 6, 620, 619),
(1126, 2, 1126, 6, 616, 619),
(1127, 2, 1127, 6, 612, 619),
(1128, 2, 1128, 6, 609, 620),
(1129, 2, 1129, 6, 605, 620),
(1130, 2, 1130, 6, 601, 620),
(1131, 2, 1131, 6, 598, 619),
(1132, 2, 1132, 6, 594, 619),
(1133, 2, 1133, 6, 591, 618),
(1134, 2, 1134, 6, 587, 618),
(1135, 2, 1135, 6, 584, 617),
(1136, 2, 1136, 6, 580, 617),
(1137, 2, 1137, 6, 577, 616),
(1138, 2, 1138, 6, 573, 616),
(1139, 2, 1139, 6, 570, 615),
(1140, 2, 1140, 6, 567, 614),
(1141, 2, 1141, 6, 564, 614),
(1142, 2, 1142, 6, 561, 613),
(1143, 2, 1143, 6, 558, 612),
(1144, 2, 1144, 6, 555, 611),
(1145, 2, 1145, 6, 552, 611),
(1146, 2, 1146, 6, 549, 610),
(1147, 2, 1147, 6, 546, 609),
(1148, 2, 1148, 6, 543, 608),
(1149, 2, 1149, 6, 540, 607),
(1150, 2, 1150, 6, 537, 607),
(1151, 2, 1151, 6, 534, 606),
(1152, 2, 1152, 6, 531, 605),
(1153, 2, 1153, 6, 528, 604),
(1154, 2, 1154, 6, 525, 604),
(1155, 2, 1155, 6, 522, 603),
(1156, 2, 1156, 6, 519, 602),
(1157, 2, 1157, 6, 518, 602),
(1158, 2, 1158, 6, 516, 602),
(1159, 2, 1159, 6, 515, 602),
(1160, 2, 1160, 6, 514, 601),
(1161, 2, 1161, 6, 513, 601),
(1162, 2, 1162, 6, 511, 601),
(1163, 2, 1163, 6, 510, 601),
(1164, 2, 1164, 6, 509, 601),
(1165, 2, 1165, 6, 508, 601),
(1166, 2, 1166, 6, 506, 601),
(1167, 2, 1167, 6, 505, 601),
(1168, 2, 1168, 6, 504, 600),
(1169, 2, 1169, 6, 502, 600),
(1170, 2, 1170, 6, 501, 600),
(1171, 2, 1171, 6, 500, 600),
(1172, 2, 1172, 6, 499, 600),
(1173, 2, 1173, 6, 497, 600),
(1174, 2, 1174, 6, 496, 600),
(1175, 2, 1175, 6, 495, 599),
(1176, 2, 1176, 6, 494, 599),
(1177, 2, 1177, 6, 492, 599),
(1178, 2, 1178, 6, 491, 599),
(1179, 2, 1179, 6, 490, 599),
(1180, 2, 1180, 6, 488, 599),
(1181, 2, 1181, 6, 487, 599),
(1182, 2, 1182, 6, 486, 598),
(1183, 2, 1183, 6, 485, 598),
(1184, 2, 1184, 6, 483, 598),
(1185, 2, 1185, 6, 482, 598),
(1186, 2, 1186, 6, 481, 598),
(1187, 2, 1187, 6, 480, 598),
(1188, 2, 1188, 6, 478, 598),
(1189, 2, 1189, 6, 477, 598),
(1190, 2, 1190, 6, 476, 597),
(1191, 2, 1191, 6, 474, 597),
(1192, 2, 1192, 6, 473, 597),
(1193, 2, 1193, 6, 472, 597),
(1194, 2, 1194, 6, 471, 597),
(1195, 2, 1195, 6, 469, 597),
(1196, 2, 1196, 6, 468, 597),
(1197, 2, 1197, 6, 467, 596),
(1198, 2, 1198, 6, 466, 596),
(1199, 2, 1199, 6, 464, 596),
(1200, 2, 1200, 6, 463, 596),
(1201, 3, 1201, 7, 485, 448),
(1202, 3, 1202, 7, 485, 448),
(1203, 3, 1203, 7, 486, 448),
(1204, 3, 1204, 7, 486, 448),
(1205, 3, 1205, 7, 486, 448),
(1206, 3, 1206, 7, 487, 447),
(1207, 3, 1207, 7, 487, 447),
(1208, 3, 1208, 7, 487, 447),
(1209, 3, 1209, 7, 488, 447),
(1210, 3, 1210, 7, 488, 447),
(1211, 3, 1211, 7, 488, 447),
(1212, 3, 1212, 7, 489, 447),
(1213, 3, 1213, 7, 489, 447),
(1214, 3, 1214, 7, 490, 447),
(1215, 3, 1215, 7, 490, 446),
(1216, 3, 1216, 7, 490, 446),
(1217, 3, 1217, 7, 491, 446),
(1218, 3, 1218, 7, 491, 446),
(1219, 3, 1219, 7, 491, 446),
(1220, 3, 1220, 7, 492, 446),
(1221, 3, 1221, 7, 492, 446),
(1222, 3, 1222, 7, 492, 446),
(1223, 3, 1223, 7, 493, 446),
(1224, 3, 1224, 7, 493, 446),
(1225, 3, 1225, 7, 493, 445),
(1226, 3, 1226, 7, 494, 445),
(1227, 3, 1227, 7, 494, 445),
(1228, 3, 1228, 7, 494, 445),
(1229, 3, 1229, 7, 495, 445),
(1230, 3, 1230, 7, 495, 445),
(1231, 3, 1231, 7, 495, 445),
(1232, 3, 1232, 7, 496, 445),
(1233, 3, 1233, 7, 496, 445),
(1234, 3, 1234, 7, 496, 444),
(1235, 3, 1235, 7, 497, 444),
(1236, 3, 1236, 7, 497, 444),
(1237, 3, 1237, 7, 498, 444),
(1238, 3, 1238, 7, 498, 444),
(1239, 3, 1239, 7, 498, 444),
(1240, 3, 1240, 7, 499, 444),
(1241, 3, 1241, 7, 499, 444),
(1242, 3, 1242, 7, 499, 444),
(1243, 3, 1243, 7, 500, 443),
(1244, 3, 1244, 7, 500, 443),
(1245, 3, 1245, 7, 500, 443),
(1246, 3, 1246, 7, 501, 443),
(1247, 3, 1247, 7, 501, 443),
(1248, 3, 1248, 7, 502, 441),
(1249, 3, 1249, 7, 503, 439),
(1250, 3, 1250, 7, 505, 437),
(1251, 3, 1251, 7, 506, 435),
(1252, 3, 1252, 7, 507, 433),
(1253, 3, 1253, 7, 508, 431),
(1254, 3, 1254, 7, 510, 429),
(1255, 3, 1255, 7, 511, 426),
(1256, 3, 1256, 7, 512, 424),
(1257, 3, 1257, 7, 513, 422),
(1258, 3, 1258, 7, 515, 420),
(1259, 3, 1259, 7, 516, 418),
(1260, 3, 1260, 7, 517, 416),
(1261, 3, 1261, 7, 518, 414),
(1262, 3, 1262, 7, 519, 412),
(1263, 3, 1263, 7, 521, 410),
(1264, 3, 1264, 7, 522, 408),
(1265, 3, 1265, 7, 523, 406),
(1266, 3, 1266, 7, 524, 404),
(1267, 3, 1267, 7, 526, 402),
(1268, 3, 1268, 7, 527, 400),
(1269, 3, 1269, 7, 528, 398),
(1270, 3, 1270, 7, 529, 395),
(1271, 3, 1271, 7, 530, 393),
(1272, 3, 1272, 7, 532, 391),
(1273, 3, 1273, 7, 533, 389),
(1274, 3, 1274, 7, 534, 387),
(1275, 3, 1275, 7, 535, 385),
(1276, 3, 1276, 7, 537, 383),
(1277, 3, 1277, 7, 538, 381),
(1278, 3, 1278, 7, 539, 379),
(1279, 3, 1279, 7, 540, 377),
(1280, 3, 1280, 7, 542, 375),
(1281, 3, 1281, 7, 543, 373),
(1282, 3, 1282, 7, 544, 371),
(1283, 3, 1283, 7, 545, 369),
(1284, 3, 1284, 7, 546, 366),
(1285, 3, 1285, 7, 548, 364),
(1286, 3, 1286, 7, 549, 362),
(1287, 3, 1287, 7, 550, 360),
(1288, 3, 1288, 7, 551, 358),
(1289, 3, 1289, 7, 553, 356),
(1290, 3, 1290, 7, 554, 354),
(1291, 3, 1291, 7, 555, 352),
(1292, 3, 1292, 7, 557, 351),
(1293, 3, 1293, 7, 558, 350),
(1294, 3, 1294, 7, 560, 348),
(1295, 3, 1295, 7, 561, 347),
(1296, 3, 1296, 7, 563, 346),
(1297, 3, 1297, 7, 564, 345),
(1298, 3, 1298, 7, 566, 344),
(1299, 3, 1299, 7, 567, 342),
(1300, 3, 1300, 7, 569, 341),
(1301, 3, 1301, 7, 570, 340),
(1302, 3, 1302, 7, 571, 341),
(1303, 3, 1303, 7, 572, 343),
(1304, 3, 1304, 7, 574, 344),
(1305, 3, 1305, 7, 575, 346),
(1306, 3, 1306, 7, 576, 347),
(1307, 3, 1307, 7, 577, 348),
(1308, 3, 1308, 7, 578, 350),
(1309, 3, 1309, 7, 579, 351),
(1310, 3, 1310, 7, 581, 353),
(1311, 3, 1311, 7, 582, 354),
(1312, 3, 1312, 7, 583, 356),
(1313, 3, 1313, 7, 584, 357),
(1314, 3, 1314, 7, 585, 358),
(1315, 3, 1315, 7, 586, 360),
(1316, 3, 1316, 7, 588, 361),
(1317, 3, 1317, 7, 589, 363),
(1318, 3, 1318, 7, 590, 364),
(1319, 3, 1319, 7, -999, -999),
(1320, 3, 1320, 7, -999, -999),
(1321, 3, 1321, 7, -999, -999),
(1322, 3, 1322, 7, -999, -999),
(1323, 3, 1323, 7, -999, -999),
(1324, 3, 1324, 7, -999, -999),
(1325, 3, 1325, 7, -999, -999),
(1326, 3, 1326, 7, -999, -999),
(1327, 3, 1327, 7, -999, -999),
(1328, 3, 1328, 7, -999, -999),
(1329, 3, 1329, 7, -999, -999),
(1330, 3, 1330, 7, -999, -999),
(1331, 3, 1331, 7, -999, -999),
(1332, 3, 1332, 7, -999, -999),
(1333, 3, 1333, 7, -999, -999),
(1334, 3, 1334, 7, -999, -999),
(1335, 3, 1335, 7, -999, -999),
(1336, 3, 1336, 7, -999, -999),
(1337, 3, 1337, 7, -999, -999),
(1338, 3, 1338, 7, -999, -999),
(1339, 3, 1339, 7, -999, -999),
(1340, 3, 1340, 7, -999, -999),
(1341, 3, 1341, 7, -999, -999),
(1342, 3, 1342, 7, -999, -999),
(1343, 3, 1343, 7, -999, -999),
(1344, 3, 1344, 7, -999, -999),
(1345, 3, 1345, 7, -999, -999),
(1346, 3, 1346, 7, -999, -999),
(1347, 3, 1347, 7, -999, -999),
(1348, 3, 1348, 7, -999, -999),
(1349, 3, 1349, 7, -999, -999),
(1350, 3, 1350, 7, -999, -999),
(1351, 3, 1351, 7, -999, -999),
(1352, 3, 1352, 7, -999, -999),
(1353, 3, 1353, 7, -999, -999),
(1354, 3, 1354, 7, -999, -999),
(1355, 3, 1355, 7, -999, -999),
(1356, 3, 1356, 7, -999, -999),
(1357, 3, 1357, 7, -999, -999),
(1358, 3, 1358, 7, -999, -999),
(1359, 3, 1359, 7, -999, -999),
(1360, 3, 1360, 7, -999, -999),
(1361, 3, 1361, 7, -999, -999),
(1362, 3, 1362, 7, -999, -999),
(1363, 3, 1363, 7, -999, -999),
(1364, 3, 1364, 7, -999, -999),
(1365, 3, 1365, 7, -999, -999),
(1366, 3, 1366, 7, -999, -999),
(1367, 3, 1367, 7, -999, -999),
(1368, 3, 1368, 7, -999, -999),
(1369, 3, 1369, 7, -999, -999),
(1370, 3, 1370, 7, -999, -999),
(1371, 3, 1371, 7, -999, -999),
(1372, 3, 1372, 7, -999, -999),
(1373, 3, 1373, 7, -999, -999),
(1374, 3, 1374, 7, -999, -999),
(1375, 3, 1375, 7, -999, -999),
(1376, 3, 1376, 7, -999, -999),
(1377, 3, 1377, 7, -999, -999),
(1378, 3, 1378, 7, -999, -999),
(1379, 3, 1379, 7, -999, -999),
(1380, 3, 1380, 7, -999, -999),
(1381, 3, 1381, 7, -999, -999),
(1382, 3, 1382, 7, -999, -999),
(1383, 3, 1383, 7, -999, -999),
(1384, 3, 1384, 7, -999, -999),
(1385, 3, 1385, 7, -999, -999),
(1386, 3, 1386, 7, -999, -999),
(1387, 3, 1387, 7, -999, -999),
(1388, 3, 1388, 7, -999, -999),
(1389, 3, 1389, 7, -999, -999),
(1390, 3, 1390, 7, -999, -999),
(1391, 3, 1391, 7, -999, -999),
(1392, 3, 1392, 7, -999, -999),
(1393, 3, 1393, 7, -999, -999),
(1394, 3, 1394, 7, -999, -999),
(1395, 3, 1395, 7, -999, -999),
(1396, 3, 1396, 7, -999, -999),
(1397, 3, 1397, 7, -999, -999),
(1398, 3, 1398, 7, -999, -999),
(1399, 3, 1399, 7, -999, -999),
(1400, 3, 1400, 7, -999, -999),
(1401, 3, 1401, 8, 451, 473),
(1402, 3, 1402, 8, 450, 473),
(1403, 3, 1403, 8, 449, 473),
(1404, 3, 1404, 8, 448, 473),
(1405, 3, 1405, 8, 447, 472),
(1406, 3, 1406, 8, 446, 472),
(1407, 3, 1407, 8, 445, 472),
(1408, 3, 1408, 8, 444, 472),
(1409, 3, 1409, 8, 443, 472),
(1410, 3, 1410, 8, 442, 472),
(1411, 3, 1411, 8, 441, 472),
(1412, 3, 1412, 8, 440, 472),
(1413, 3, 1413, 8, 439, 471),
(1414, 3, 1414, 8, 438, 471),
(1415, 3, 1415, 8, 437, 471),
(1416, 3, 1416, 8, 436, 471),
(1417, 3, 1417, 8, 435, 471),
(1418, 3, 1418, 8, 434, 471),
(1419, 3, 1419, 8, 433, 471),
(1420, 3, 1420, 8, 432, 471),
(1421, 3, 1421, 8, 431, 470),
(1422, 3, 1422, 8, 430, 470),
(1423, 3, 1423, 8, 429, 470),
(1424, 3, 1424, 8, 428, 470),
(1425, 3, 1425, 8, 427, 470),
(1426, 3, 1426, 8, 426, 470),
(1427, 3, 1427, 8, 425, 470),
(1428, 3, 1428, 8, 424, 470),
(1429, 3, 1429, 8, 423, 469),
(1430, 3, 1430, 8, 422, 469),
(1431, 3, 1431, 8, 421, 469),
(1432, 3, 1432, 8, 420, 469),
(1433, 3, 1433, 8, 419, 469),
(1434, 3, 1434, 8, 418, 469),
(1435, 3, 1435, 8, 417, 469),
(1436, 3, 1436, 8, 416, 469),
(1437, 3, 1437, 8, 415, 468),
(1438, 3, 1438, 8, 414, 468),
(1439, 3, 1439, 8, 413, 468),
(1440, 3, 1440, 8, 412, 468),
(1441, 3, 1441, 8, 411, 468),
(1442, 3, 1442, 8, 410, 468),
(1443, 3, 1443, 8, 409, 468),
(1444, 3, 1444, 8, 408, 468),
(1445, 3, 1445, 8, 407, 467),
(1446, 3, 1446, 8, 406, 467),
(1447, 3, 1447, 8, 405, 467),
(1448, 3, 1448, 8, 404, 467),
(1449, 3, 1449, 8, 403, 467),
(1450, 3, 1450, 8, 402, 467),
(1451, 3, 1451, 8, 401, 467),
(1452, 3, 1452, 8, 400, 467),
(1453, 3, 1453, 8, 399, 466),
(1454, 3, 1454, 8, 398, 466),
(1455, 3, 1455, 8, 397, 466),
(1456, 3, 1456, 8, 396, 466),
(1457, 3, 1457, 8, 396, 466),
(1458, 3, 1458, 8, 396, 466),
(1459, 3, 1459, 8, 396, 466),
(1460, 3, 1460, 8, 396, 466),
(1461, 3, 1461, 8, 396, 466),
(1462, 3, 1462, 8, 396, 466),
(1463, 3, 1463, 8, 396, 466),
(1464, 3, 1464, 8, 396, 466),
(1465, 3, 1465, 8, 396, 466),
(1466, 3, 1466, 8, 396, 466),
(1467, 3, 1467, 8, 396, 466),
(1468, 3, 1468, 8, 396, 466),
(1469, 3, 1469, 8, 396, 464),
(1470, 3, 1470, 8, 396, 463),
(1471, 3, 1471, 8, 397, 461),
(1472, 3, 1472, 8, 397, 459),
(1473, 3, 1473, 8, 397, 458),
(1474, 3, 1474, 8, 397, 456),
(1475, 3, 1475, 8, 397, 454),
(1476, 3, 1476, 8, 398, 453),
(1477, 3, 1477, 8, 398, 451),
(1478, 3, 1478, 8, 398, 449),
(1479, 3, 1479, 8, 398, 448),
(1480, 3, 1480, 8, 398, 446),
(1481, 3, 1481, 8, 398, 444),
(1482, 3, 1482, 8, 399, 443),
(1483, 3, 1483, 8, 399, 441),
(1484, 3, 1484, 8, 399, 439),
(1485, 3, 1485, 8, 399, 438),
(1486, 3, 1486, 8, 399, 436),
(1487, 3, 1487, 8, 400, 434),
(1488, 3, 1488, 8, 400, 432),
(1489, 3, 1489, 8, 400, 431),
(1490, 3, 1490, 8, 400, 429),
(1491, 3, 1491, 8, 400, 427),
(1492, 3, 1492, 8, 401, 426),
(1493, 3, 1493, 8, 401, 424),
(1494, 3, 1494, 8, 401, 422),
(1495, 3, 1495, 8, 401, 421),
(1496, 3, 1496, 8, 401, 419),
(1497, 3, 1497, 8, 401, 417),
(1498, 3, 1498, 8, 402, 416),
(1499, 3, 1499, 8, 402, 414),
(1500, 3, 1500, 8, 402, 412),
(1501, 3, 1501, 8, 402, 411),
(1502, 3, 1502, 8, 402, 409),
(1503, 3, 1503, 8, 403, 407),
(1504, 3, 1504, 8, 403, 406),
(1505, 3, 1505, 8, 409, 402),
(1506, 3, 1506, 8, 409, 402),
(1507, 3, 1507, 8, 409, 402),
(1508, 3, 1508, 8, 409, 402),
(1509, 3, 1509, 8, 409, 401),
(1510, 3, 1510, 8, 409, 401),
(1511, 3, 1511, 8, 409, 401),
(1512, 3, 1512, 8, 410, 401),
(1513, 3, 1513, 8, 410, 401),
(1514, 3, 1514, 8, 410, 401),
(1515, 3, 1515, 8, 410, 401),
(1516, 3, 1516, 8, 410, 400),
(1517, 3, 1517, 8, 410, 400),
(1518, 3, 1518, 8, 410, 400),
(1519, 3, 1519, 8, 410, 400),
(1520, 3, 1520, 8, -999, -999),
(1521, 3, 1521, 8, -999, -999),
(1522, 3, 1522, 8, -999, -999),
(1523, 3, 1523, 8, -999, -999),
(1524, 3, 1524, 8, -999, -999),
(1525, 3, 1525, 8, -999, -999),
(1526, 3, 1526, 8, -999, -999),
(1527, 3, 1527, 8, -999, -999),
(1528, 3, 1528, 8, -999, -999),
(1529, 3, 1529, 8, -999, -999),
(1530, 3, 1530, 8, -999, -999),
(1531, 3, 1531, 8, -999, -999),
(1532, 3, 1532, 8, -999, -999),
(1533, 3, 1533, 8, -999, -999),
(1534, 3, 1534, 8, -999, -999),
(1535, 3, 1535, 8, 421, 440),
(1536, 3, 1536, 8, 421, 439),
(1537, 3, 1537, 8, 421, 439),
(1538, 3, 1538, 8, 421, 439),
(1539, 3, 1539, 8, 421, 439),
(1540, 3, 1540, 8, 421, 439),
(1541, 3, 1541, 8, 420, 439),
(1542, 3, 1542, 8, 420, 439),
(1543, 3, 1543, 8, 420, 439),
(1544, 3, 1544, 8, 420, 439),
(1545, 3, 1545, 8, 420, 433),
(1546, 3, 1546, 8, -999, -999),
(1547, 3, 1547, 8, -999, -999),
(1548, 3, 1548, 8, -999, -999),
(1549, 3, 1549, 8, -999, -999),
(1550, 3, 1550, 8, -999, -999),
(1551, 3, 1551, 8, -999, -999),
(1552, 3, 1552, 8, -999, -999),
(1553, 3, 1553, 8, -999, -999),
(1554, 3, 1554, 8, -999, -999),
(1555, 3, 1555, 8, -999, -999),
(1556, 3, 1556, 8, -999, -999),
(1557, 3, 1557, 8, -999, -999),
(1558, 3, 1558, 8, 443, 461),
(1559, 3, 1559, 8, 444, 460),
(1560, 3, 1560, 8, 445, 459),
(1561, 3, 1561, 8, 446, 457),
(1562, 3, 1562, 8, 448, 456),
(1563, 3, 1563, 8, 449, 455),
(1564, 3, 1564, 8, 450, 454),
(1565, 3, 1565, 8, 451, 452),
(1566, 3, 1566, 8, 452, 451),
(1567, 3, 1567, 8, 453, 451),
(1568, 3, 1568, 8, 453, 451),
(1569, 3, 1569, 8, 454, 452),
(1570, 3, 1570, 8, 454, 452),
(1571, 3, 1571, 8, 455, 452),
(1572, 3, 1572, 8, 455, 452),
(1573, 3, 1573, 8, 456, 453),
(1574, 3, 1574, 8, 456, 453),
(1575, 3, 1575, 8, 457, 453),
(1576, 3, 1576, 8, 458, 453),
(1577, 3, 1577, 8, 458, 454),
(1578, 3, 1578, 8, 459, 454),
(1579, 3, 1579, 8, 459, 454),
(1580, 3, 1580, 8, 460, 454),
(1581, 3, 1581, 8, 460, 455),
(1582, 3, 1582, 8, 461, 455),
(1583, 3, 1583, 8, 462, 455),
(1584, 3, 1584, 8, 462, 455),
(1585, 3, 1585, 8, 463, 455),
(1586, 3, 1586, 8, 463, 456),
(1587, 3, 1587, 8, 464, 456),
(1588, 3, 1588, 8, 464, 456),
(1589, 3, 1589, 8, 465, 456),
(1590, 3, 1590, 8, 465, 457),
(1591, 3, 1591, 8, 466, 457),
(1592, 3, 1592, 8, 467, 457),
(1593, 3, 1593, 8, 467, 457),
(1594, 3, 1594, 8, 468, 458),
(1595, 3, 1595, 8, 468, 458),
(1596, 3, 1596, 8, 469, 458),
(1597, 3, 1597, 8, 469, 458),
(1598, 3, 1598, 8, 470, 459),
(1599, 3, 1599, 8, 470, 459),
(1600, 3, 1600, 8, 471, 459),
(1601, 3, 1601, 9, 412, 513),
(1602, 3, 1602, 9, 410, 512),
(1603, 3, 1603, 9, 409, 512),
(1604, 3, 1604, 9, 407, 511),
(1605, 3, 1605, 9, 406, 511),
(1606, 3, 1606, 9, 404, 510),
(1607, 3, 1607, 9, 403, 510),
(1608, 3, 1608, 9, 401, 509),
(1609, 3, 1609, 9, 399, 508),
(1610, 3, 1610, 9, 398, 508),
(1611, 3, 1611, 9, 396, 507),
(1612, 3, 1612, 9, 395, 507),
(1613, 3, 1613, 9, 393, 506),
(1614, 3, 1614, 9, 391, 505),
(1615, 3, 1615, 9, 390, 505),
(1616, 3, 1616, 9, 388, 504),
(1617, 3, 1617, 9, 387, 504),
(1618, 3, 1618, 9, 385, 503),
(1619, 3, 1619, 9, 384, 503),
(1620, 3, 1620, 9, 382, 502),
(1621, 3, 1621, 9, 380, 501),
(1622, 3, 1622, 9, 379, 501),
(1623, 3, 1623, 9, 377, 500),
(1624, 3, 1624, 9, 376, 500),
(1625, 3, 1625, 9, 374, 499),
(1626, 3, 1626, 9, 372, 498),
(1627, 3, 1627, 9, 371, 498),
(1628, 3, 1628, 9, 369, 497),
(1629, 3, 1629, 9, 368, 497),
(1630, 3, 1630, 9, 366, 496),
(1631, 3, 1631, 9, 365, 496),
(1632, 3, 1632, 9, 363, 495),
(1633, 3, 1633, 9, 361, 494),
(1634, 3, 1634, 9, 360, 494),
(1635, 3, 1635, 9, 358, 493),
(1636, 3, 1636, 9, 357, 493),
(1637, 3, 1637, 9, 355, 492),
(1638, 3, 1638, 9, 353, 491),
(1639, 3, 1639, 9, 352, 491),
(1640, 3, 1640, 9, 350, 490),
(1641, 3, 1641, 9, 349, 490),
(1642, 3, 1642, 9, 347, 489),
(1643, 3, 1643, 9, 346, 489),
(1644, 3, 1644, 9, 344, 488),
(1645, 3, 1645, 9, 342, 488),
(1646, 3, 1646, 9, 339, 488),
(1647, 3, 1647, 9, 337, 488),
(1648, 3, 1648, 9, 335, 489),
(1649, 3, 1649, 9, 332, 489),
(1650, 3, 1650, 9, 330, 489),
(1651, 3, 1651, 9, 328, 489),
(1652, 3, 1652, 9, 325, 489),
(1653, 3, 1653, 9, 323, 489),
(1654, 3, 1654, 9, 320, 489),
(1655, 3, 1655, 9, 318, 490),
(1656, 3, 1656, 9, 316, 490),
(1657, 3, 1657, 9, 313, 490),
(1658, 3, 1658, 9, 311, 490),
(1659, 3, 1659, 9, 311, 489),
(1660, 3, 1660, 9, 310, 489),
(1661, 3, 1661, 9, 310, 488),
(1662, 3, 1662, 9, 309, 488),
(1663, 3, 1663, 9, 309, 487),
(1664, 3, 1664, 9, 308, 487),
(1665, 3, 1665, 9, 308, 486),
(1666, 3, 1666, 9, 307, 486),
(1667, 3, 1667, 9, 297, 495),
(1668, 3, 1668, 9, 296, 494),
(1669, 3, 1669, 9, 295, 493),
(1670, 3, 1670, 9, 293, 492),
(1671, 3, 1671, 9, 292, 491),
(1672, 3, 1672, 9, 291, 490),
(1673, 3, 1673, 9, 290, 488),
(1674, 3, 1674, 9, 289, 487),
(1675, 3, 1675, 9, 287, 486),
(1676, 3, 1676, 9, 286, 485),
(1677, 3, 1677, 9, 285, 484),
(1678, 3, 1678, 9, 285, 482),
(1679, 3, 1679, 9, 285, 480),
(1680, 3, 1680, 9, 284, 479),
(1681, 3, 1681, 9, 284, 477),
(1682, 3, 1682, 9, 284, 475),
(1683, 3, 1683, 9, 284, 473),
(1684, 3, 1684, 9, 283, 472),
(1685, 3, 1685, 9, 283, 470),
(1686, 3, 1686, 9, 283, 468),
(1687, 3, 1687, 9, 283, 466),
(1688, 3, 1688, 9, 283, 464),
(1689, 3, 1689, 9, 282, 463),
(1690, 3, 1690, 9, 282, 461),
(1691, 3, 1691, 9, 282, 459),
(1692, 3, 1692, 9, 282, 457),
(1693, 3, 1693, 9, 281, 456),
(1694, 3, 1694, 9, 281, 454),
(1695, 3, 1695, 9, 281, 452),
(1696, 3, 1696, 9, 281, 450),
(1697, 3, 1697, 9, 281, 448),
(1698, 3, 1698, 9, 280, 447),
(1699, 3, 1699, 9, 280, 445),
(1700, 3, 1700, 9, 280, 443),
(1701, 3, 1701, 9, 280, 441),
(1702, 3, 1702, 9, 279, 440),
(1703, 3, 1703, 9, 279, 438),
(1704, 3, 1704, 9, 279, 436),
(1705, 3, 1705, 9, 279, 436),
(1706, 3, 1706, 9, 279, 436),
(1707, 3, 1707, 9, 279, 436),
(1708, 3, 1708, 9, 279, 436),
(1709, 3, 1709, 9, 279, 436),
(1710, 3, 1710, 9, 279, 436),
(1711, 3, 1711, 9, 279, 436),
(1712, 3, 1712, 9, 279, 436),
(1713, 3, 1713, 9, 279, 436),
(1714, 3, 1714, 9, 279, 436),
(1715, 3, 1715, 9, 279, 436),
(1716, 3, 1716, 9, 279, 436),
(1717, 3, 1717, 9, 279, 436),
(1718, 3, 1718, 9, 279, 436),
(1719, 3, 1719, 9, 279, 436),
(1720, 3, 1720, 9, 279, 436),
(1721, 3, 1721, 9, 279, 437),
(1722, 3, 1722, 9, 280, 438),
(1723, 3, 1723, 9, 280, 439),
(1724, 3, 1724, 9, 281, 440),
(1725, 3, 1725, 9, 281, 441),
(1726, 3, 1726, 9, 281, 442),
(1727, 3, 1727, 9, 282, 442),
(1728, 3, 1728, 9, 282, 443),
(1729, 3, 1729, 9, 282, 444),
(1730, 3, 1730, 9, 283, 445),
(1731, 3, 1731, 9, 283, 446),
(1732, 3, 1732, 9, 284, 447),
(1733, 3, 1733, 9, 284, 448),
(1734, 3, 1734, 9, 285, 447),
(1735, 3, 1735, 9, 286, 447),
(1736, 3, 1736, 9, 287, 446),
(1737, 3, 1737, 9, 288, 445),
(1738, 3, 1738, 9, 289, 445),
(1739, 3, 1739, 9, 290, 444),
(1740, 3, 1740, 9, 291, 443),
(1741, 3, 1741, 9, 292, 443),
(1742, 3, 1742, 9, 293, 442),
(1743, 3, 1743, 9, 294, 441),
(1744, 3, 1744, 9, 295, 441),
(1745, 3, 1745, 9, 297, 440),
(1746, 3, 1746, 9, 298, 440),
(1747, 3, 1747, 9, 299, 439),
(1748, 3, 1748, 9, 300, 438),
(1749, 3, 1749, 9, 301, 438),
(1750, 3, 1750, 9, 302, 437),
(1751, 3, 1751, 9, 303, 436),
(1752, 3, 1752, 9, 304, 436),
(1753, 3, 1753, 9, 305, 435),
(1754, 3, 1754, 9, 306, 434),
(1755, 3, 1755, 9, 307, 434),
(1756, 3, 1756, 9, 308, 463),
(1757, 3, 1757, 9, 308, 463),
(1758, 3, 1758, 9, 308, 463),
(1759, 3, 1759, 9, 308, 463),
(1760, 3, 1760, 9, 308, 463),
(1761, 3, 1761, 9, 309, 462),
(1762, 3, 1762, 9, 309, 462),
(1763, 3, 1763, 9, 309, 462),
(1764, 3, 1764, 9, 309, 462),
(1765, 3, 1765, 9, 309, 462),
(1766, 3, 1766, 9, 309, 462),
(1767, 3, 1767, 9, -999, -999),
(1768, 3, 1768, 9, -999, -999),
(1769, 3, 1769, 9, -999, -999),
(1770, 3, 1770, 9, -999, -999),
(1771, 3, 1771, 9, -999, -999),
(1772, 3, 1772, 9, -999, -999),
(1773, 3, 1773, 9, -999, -999),
(1774, 3, 1774, 9, -999, -999),
(1775, 3, 1775, 9, -999, -999),
(1776, 3, 1776, 9, -999, -999),
(1777, 3, 1777, 9, -999, -999),
(1778, 3, 1778, 9, -999, -999),
(1779, 3, 1779, 9, -999, -999),
(1780, 3, 1780, 9, -999, -999),
(1781, 3, 1781, 9, -999, -999),
(1782, 3, 1782, 9, -999, -999),
(1783, 3, 1783, 9, -999, -999),
(1784, 3, 1784, 9, -999, -999),
(1785, 3, 1785, 9, -999, -999),
(1786, 3, 1786, 9, -999, -999),
(1787, 3, 1787, 9, -999, -999),
(1788, 3, 1788, 9, -999, -999),
(1789, 3, 1789, 9, -999, -999),
(1790, 3, 1790, 9, -999, -999),
(1791, 3, 1791, 9, -999, -999),
(1792, 3, 1792, 9, -999, -999),
(1793, 3, 1793, 9, -999, -999),
(1794, 3, 1794, 9, -999, -999),
(1795, 3, 1795, 9, -999, -999),
(1796, 3, 1796, 9, -999, -999),
(1797, 3, 1797, 9, -999, -999),
(1798, 3, 1798, 9, -999, -999),
(1799, 3, 1799, 9, -999, -999),
(1800, 3, 1800, 9, -999, -999),
(1801, 3, 1801, 10, 365, 178),
(1802, 3, 1802, 10, 363, 178),
(1803, 3, 1803, 10, 362, 178),
(1804, 3, 1804, 10, 360, 179),
(1805, 3, 1805, 10, 358, 179),
(1806, 3, 1806, 10, 356, 179),
(1807, 3, 1807, 10, 355, 179),
(1808, 3, 1808, 10, 353, 179),
(1809, 3, 1809, 10, 351, 179),
(1810, 3, 1810, 10, 349, 180),
(1811, 3, 1811, 10, 348, 180),
(1812, 3, 1812, 10, 346, 180),
(1813, 3, 1813, 10, 344, 180),
(1814, 3, 1814, 10, 343, 180),
(1815, 3, 1815, 10, 341, 180),
(1816, 3, 1816, 10, 339, 181),
(1817, 3, 1817, 10, 337, 181),
(1818, 3, 1818, 10, 336, 181),
(1819, 3, 1819, 10, 334, 181),
(1820, 3, 1820, 10, 332, 181),
(1821, 3, 1821, 10, 331, 182),
(1822, 3, 1822, 10, 329, 182),
(1823, 3, 1823, 10, 327, 182),
(1824, 3, 1824, 10, 325, 182),
(1825, 3, 1825, 10, 324, 182),
(1826, 3, 1826, 10, 322, 182),
(1827, 3, 1827, 10, 320, 183),
(1828, 3, 1828, 10, 318, 183),
(1829, 3, 1829, 10, 317, 183),
(1830, 3, 1830, 10, 315, 183),
(1831, 3, 1831, 10, 313, 183),
(1832, 3, 1832, 10, 312, 183);
INSERT INTO `component_set_image_detail_map` (`id`, `kitchen_id`, `component_set_media_id`, `component_set_media_detail_id`, `pos_x`, `pos_y`) VALUES
(1833, 3, 1833, 10, 310, 184),
(1834, 3, 1834, 10, 308, 184),
(1835, 3, 1835, 10, 306, 184),
(1836, 3, 1836, 10, 305, 184),
(1837, 3, 1837, 10, 303, 184),
(1838, 3, 1838, 10, 301, 184),
(1839, 3, 1839, 10, 299, 185),
(1840, 3, 1840, 10, 298, 185),
(1841, 3, 1841, 10, 296, 185),
(1842, 3, 1842, 10, 293, 186),
(1843, 3, 1843, 10, 291, 188),
(1844, 3, 1844, 10, 288, 189),
(1845, 3, 1845, 10, 286, 191),
(1846, 3, 1846, 10, 283, 192),
(1847, 3, 1847, 10, 281, 193),
(1848, 3, 1848, 10, 278, 195),
(1849, 3, 1849, 10, 276, 196),
(1850, 3, 1850, 10, 273, 198),
(1851, 3, 1851, 10, 270, 199),
(1852, 3, 1852, 10, 268, 200),
(1853, 3, 1853, 10, 265, 202),
(1854, 3, 1854, 10, 263, 203),
(1855, 3, 1855, 10, 260, 204),
(1856, 3, 1856, 10, 258, 206),
(1857, 3, 1857, 10, 255, 207),
(1858, 3, 1858, 10, 253, 209),
(1859, 3, 1859, 10, 250, 210),
(1860, 3, 1860, 10, 249, 211),
(1861, 3, 1861, 10, 248, 212),
(1862, 3, 1862, 10, 246, 212),
(1863, 3, 1863, 10, 245, 213),
(1864, 3, 1864, 10, 244, 214),
(1865, 3, 1865, 10, 243, 215),
(1866, 3, 1866, 10, 241, 215),
(1867, 3, 1867, 10, 240, 216),
(1868, 3, 1868, 10, 239, 217),
(1869, 3, 1869, 10, 238, 218),
(1870, 3, 1870, 10, 237, 219),
(1871, 3, 1871, 10, 235, 219),
(1872, 3, 1872, 10, 234, 220),
(1873, 3, 1873, 10, 233, 221),
(1874, 3, 1874, 10, 232, 222),
(1875, 3, 1875, 10, 230, 222),
(1876, 3, 1876, 10, 229, 223),
(1877, 3, 1877, 10, 228, 224),
(1878, 3, 1878, 10, 228, 223),
(1879, 3, 1879, 10, 227, 222),
(1880, 3, 1880, 10, 227, 221),
(1881, 3, 1881, 10, 226, 220),
(1882, 3, 1882, 10, 226, 219),
(1883, 3, 1883, 10, 226, 218),
(1884, 3, 1884, 10, 225, 217),
(1885, 3, 1885, 10, 225, 216),
(1886, 3, 1886, 10, 224, 215),
(1887, 3, 1887, 10, 224, 214),
(1888, 3, 1888, 10, 225, 213),
(1889, 3, 1889, 10, 225, 212),
(1890, 3, 1890, 10, 226, 212),
(1891, 3, 1891, 10, 226, 211),
(1892, 3, 1892, 10, 227, 210),
(1893, 3, 1893, 10, 228, 209),
(1894, 3, 1894, 10, 228, 208),
(1895, 3, 1895, 10, 229, 208),
(1896, 3, 1896, 10, 229, 207),
(1897, 3, 1897, 10, 230, 206),
(1898, 3, 1898, 10, 231, 205),
(1899, 3, 1899, 10, 231, 204),
(1900, 3, 1900, 10, 232, 204),
(1901, 3, 1901, 10, 232, 203),
(1902, 3, 1902, 10, 233, 202),
(1903, 3, 1903, 10, 234, 201),
(1904, 3, 1904, 10, 234, 200),
(1905, 3, 1905, 10, 235, 200),
(1906, 3, 1906, 10, 235, 199),
(1907, 3, 1907, 10, 236, 198),
(1908, 3, 1908, 10, 237, 197),
(1909, 3, 1909, 10, 237, 196),
(1910, 3, 1910, 10, 238, 196),
(1911, 3, 1911, 10, 238, 195),
(1912, 3, 1912, 10, 239, 194),
(1913, 3, 1913, 10, 240, 195),
(1914, 3, 1914, 10, 241, 196),
(1915, 3, 1915, 10, 242, 197),
(1916, 3, 1916, 10, 243, 197),
(1917, 3, 1917, 10, 244, 198),
(1918, 3, 1918, 10, 245, 199),
(1919, 3, 1919, 10, 246, 200),
(1920, 3, 1920, 10, 247, 201),
(1921, 3, 1921, 10, 248, 202),
(1922, 3, 1922, 10, 249, 203),
(1923, 3, 1923, 10, 250, 204),
(1924, 3, 1924, 10, 250, 204),
(1925, 3, 1925, 10, 251, 205),
(1926, 3, 1926, 10, 252, 206),
(1927, 3, 1927, 10, 253, 207),
(1928, 3, 1928, 10, 254, 208),
(1929, 3, 1929, 10, 255, 209),
(1930, 3, 1930, 10, 256, 210),
(1931, 3, 1931, 10, 257, 210),
(1932, 3, 1932, 10, 258, 211),
(1933, 3, 1933, 10, 259, 212),
(1934, 3, 1934, 10, 260, 213),
(1935, 3, 1935, 10, 262, 214),
(1936, 3, 1936, 10, 263, 215),
(1937, 3, 1937, 10, 265, 217),
(1938, 3, 1938, 10, 267, 218),
(1939, 3, 1939, 10, 269, 219),
(1940, 3, 1940, 10, 270, 220),
(1941, 3, 1941, 10, 272, 221),
(1942, 3, 1942, 10, 274, 223),
(1943, 3, 1943, 10, 275, 224),
(1944, 3, 1944, 10, 277, 225),
(1945, 3, 1945, 10, 279, 226),
(1946, 3, 1946, 10, 281, 227),
(1947, 3, 1947, 10, 282, 229),
(1948, 3, 1948, 10, 284, 230),
(1949, 3, 1949, 10, 286, 231),
(1950, 3, 1950, 10, 288, 232),
(1951, 3, 1951, 10, 289, 233),
(1952, 3, 1952, 10, 291, 235),
(1953, 3, 1953, 10, 293, 236),
(1954, 3, 1954, 10, 294, 237),
(1955, 3, 1955, 10, 296, 238),
(1956, 3, 1956, 10, 298, 239),
(1957, 3, 1957, 10, 300, 241),
(1958, 3, 1958, 10, 303, 243),
(1959, 3, 1959, 10, 304, 243),
(1960, 3, 1960, 10, 305, 243),
(1961, 3, 1961, 10, 306, 243),
(1962, 3, 1962, 10, 307, 243),
(1963, 3, 1963, 10, 308, 244),
(1964, 3, 1964, 10, 309, 244),
(1965, 3, 1965, 10, 311, 244),
(1966, 3, 1966, 10, 312, 244),
(1967, 3, 1967, 10, 313, 244),
(1968, 3, 1968, 10, 314, 244),
(1969, 3, 1969, 10, 315, 244),
(1970, 3, 1970, 10, 316, 244),
(1971, 3, 1971, 10, 317, 245),
(1972, 3, 1972, 10, 318, 245),
(1973, 3, 1973, 10, 319, 245),
(1974, 3, 1974, 10, 320, 245),
(1975, 3, 1975, 10, 321, 245),
(1976, 3, 1976, 10, 322, 245),
(1977, 3, 1977, 10, 323, 245),
(1978, 3, 1978, 10, 324, 245),
(1979, 3, 1979, 10, 326, 246),
(1980, 3, 1980, 10, 327, 246),
(1981, 3, 1981, 10, 328, 246),
(1982, 3, 1982, 10, 329, 246),
(1983, 3, 1983, 10, 330, 246),
(1984, 3, 1984, 10, 331, 246),
(1985, 3, 1985, 10, 332, 246),
(1986, 3, 1986, 10, 333, 246),
(1987, 3, 1987, 10, 334, 246),
(1988, 3, 1988, 10, 335, 247),
(1989, 3, 1989, 10, 336, 247),
(1990, 3, 1990, 10, 337, 247),
(1991, 3, 1991, 10, 338, 247),
(1992, 3, 1992, 10, 339, 247),
(1993, 3, 1993, 10, 341, 247),
(1994, 3, 1994, 10, 342, 247),
(1995, 3, 1995, 10, 343, 247),
(1996, 3, 1996, 10, 344, 248),
(1997, 3, 1997, 10, 345, 248),
(1998, 3, 1998, 10, 346, 248),
(1999, 3, 1999, 10, 347, 248),
(2000, 3, 2000, 10, 348, 248);

-- --------------------------------------------------------

--
-- Table structure for table `component_set_media`
--

CREATE TABLE `component_set_media` (
  `id` int(10) UNSIGNED NOT NULL,
  `component_set_id` int(10) UNSIGNED NOT NULL,
  `image` varchar(1000) NOT NULL
) ENGINE=InnoDB DEFAULT CHARSET=utf8mb4;

--
-- Dumping data for table `component_set_media`
--

INSERT INTO `component_set_media` (`id`, `component_set_id`, `image`) VALUES
(1, 1, 'K001_WW_0001.jpg'),
(2, 1, 'K001_WW_0002.jpg'),
(3, 1, 'K001_WW_0003.jpg'),
(4, 1, 'K001_WW_0004.jpg'),
(5, 1, 'K001_WW_0005.jpg'),
(6, 1, 'K001_WW_0006.jpg'),
(7, 1, 'K001_WW_0007.jpg'),
(8, 1, 'K001_WW_0008.jpg'),
(9, 1, 'K001_WW_0009.jpg'),
(10, 1, 'K001_WW_0010.jpg'),
(11, 1, 'K001_WW_0011.jpg'),
(12, 1, 'K001_WW_0012.jpg'),
(13, 1, 'K001_WW_0013.jpg'),
(14, 1, 'K001_WW_0014.jpg'),
(15, 1, 'K001_WW_0015.jpg'),
(16, 1, 'K001_WW_0016.jpg'),
(17, 1, 'K001_WW_0017.jpg'),
(18, 1, 'K001_WW_0018.jpg'),
(19, 1, 'K001_WW_0019.jpg'),
(20, 1, 'K001_WW_0020.jpg'),
(21, 1, 'K001_WW_0021.jpg'),
(22, 1, 'K001_WW_0022.jpg'),
(23, 1, 'K001_WW_0023.jpg'),
(24, 1, 'K001_WW_0024.jpg'),
(25, 1, 'K001_WW_0025.jpg'),
(26, 1, 'K001_WW_0026.jpg'),
(27, 1, 'K001_WW_0027.jpg'),
(28, 1, 'K001_WW_0028.jpg'),
(29, 1, 'K001_WW_0029.jpg'),
(30, 1, 'K001_WW_0030.jpg'),
(31, 1, 'K001_WW_0031.jpg'),
(32, 1, 'K001_WW_0032.jpg'),
(33, 1, 'K001_WW_0033.jpg'),
(34, 1, 'K001_WW_0034.jpg'),
(35, 1, 'K001_WW_0035.jpg'),
(36, 1, 'K001_WW_0036.jpg'),
(37, 1, 'K001_WW_0037.jpg'),
(38, 1, 'K001_WW_0038.jpg'),
(39, 1, 'K001_WW_0039.jpg'),
(40, 1, 'K001_WW_0040.jpg'),
(41, 1, 'K001_WW_0041.jpg'),
(42, 1, 'K001_WW_0042.jpg'),
(43, 1, 'K001_WW_0043.jpg'),
(44, 1, 'K001_WW_0044.jpg'),
(45, 1, 'K001_WW_0045.jpg'),
(46, 1, 'K001_WW_0046.jpg'),
(47, 1, 'K001_WW_0047.jpg'),
(48, 1, 'K001_WW_0048.jpg'),
(49, 1, 'K001_WW_0049.jpg'),
(50, 1, 'K001_WW_0050.jpg'),
(51, 1, 'K001_WW_0051.jpg'),
(52, 1, 'K001_WW_0052.jpg'),
(53, 1, 'K001_WW_0053.jpg'),
(54, 1, 'K001_WW_0054.jpg'),
(55, 1, 'K001_WW_0055.jpg'),
(56, 1, 'K001_WW_0056.jpg'),
(57, 1, 'K001_WW_0057.jpg'),
(58, 1, 'K001_WW_0058.jpg'),
(59, 1, 'K001_WW_0059.jpg'),
(60, 1, 'K001_WW_0060.jpg'),
(61, 1, 'K001_WW_0061.jpg'),
(62, 1, 'K001_WW_0062.jpg'),
(63, 1, 'K001_WW_0063.jpg'),
(64, 1, 'K001_WW_0064.jpg'),
(65, 1, 'K001_WW_0065.jpg'),
(66, 1, 'K001_WW_0066.jpg'),
(67, 1, 'K001_WW_0067.jpg'),
(68, 1, 'K001_WW_0068.jpg'),
(69, 1, 'K001_WW_0069.jpg'),
(70, 1, 'K001_WW_0070.jpg'),
(71, 1, 'K001_WW_0071.jpg'),
(72, 1, 'K001_WW_0072.jpg'),
(73, 1, 'K001_WW_0073.jpg'),
(74, 1, 'K001_WW_0074.jpg'),
(75, 1, 'K001_WW_0075.jpg'),
(76, 1, 'K001_WW_0076.jpg'),
(77, 1, 'K001_WW_0077.jpg'),
(78, 1, 'K001_WW_0078.jpg'),
(79, 1, 'K001_WW_0079.jpg'),
(80, 1, 'K001_WW_0080.jpg'),
(81, 1, 'K001_WW_0081.jpg'),
(82, 1, 'K001_WW_0082.jpg'),
(83, 1, 'K001_WW_0083.jpg'),
(84, 1, 'K001_WW_0084.jpg'),
(85, 1, 'K001_WW_0085.jpg'),
(86, 1, 'K001_WW_0086.jpg'),
(87, 1, 'K001_WW_0087.jpg'),
(88, 1, 'K001_WW_0088.jpg'),
(89, 1, 'K001_WW_0089.jpg'),
(90, 1, 'K001_WW_0090.jpg'),
(91, 1, 'K001_WW_0091.jpg'),
(92, 1, 'K001_WW_0092.jpg'),
(93, 1, 'K001_WW_0093.jpg'),
(94, 1, 'K001_WW_0094.jpg'),
(95, 1, 'K001_WW_0095.jpg'),
(96, 1, 'K001_WW_0096.jpg'),
(97, 1, 'K001_WW_0097.jpg'),
(98, 1, 'K001_WW_0098.jpg'),
(99, 1, 'K001_WW_0099.jpg'),
(100, 1, 'K001_WW_0100.jpg'),
(101, 1, 'K001_WW_0101.jpg'),
(102, 1, 'K001_WW_0102.jpg'),
(103, 1, 'K001_WW_0103.jpg'),
(104, 1, 'K001_WW_0104.jpg'),
(105, 1, 'K001_WW_0105.jpg'),
(106, 1, 'K001_WW_0106.jpg'),
(107, 1, 'K001_WW_0107.jpg'),
(108, 1, 'K001_WW_0108.jpg'),
(109, 1, 'K001_WW_0109.jpg'),
(110, 1, 'K001_WW_0110.jpg'),
(111, 1, 'K001_WW_0111.jpg'),
(112, 1, 'K001_WW_0112.jpg'),
(113, 1, 'K001_WW_0113.jpg'),
(114, 1, 'K001_WW_0114.jpg'),
(115, 1, 'K001_WW_0115.jpg'),
(116, 1, 'K001_WW_0116.jpg'),
(117, 1, 'K001_WW_0117.jpg'),
(118, 1, 'K001_WW_0118.jpg'),
(119, 1, 'K001_WW_0119.jpg'),
(120, 1, 'K001_WW_0120.jpg'),
(121, 1, 'K001_WW_0121.jpg'),
(122, 1, 'K001_WW_0122.jpg'),
(123, 1, 'K001_WW_0123.jpg'),
(124, 1, 'K001_WW_0124.jpg'),
(125, 1, 'K001_WW_0125.jpg'),
(126, 1, 'K001_WW_0126.jpg'),
(127, 1, 'K001_WW_0127.jpg'),
(128, 1, 'K001_WW_0128.jpg'),
(129, 1, 'K001_WW_0129.jpg'),
(130, 1, 'K001_WW_0130.jpg'),
(131, 1, 'K001_WW_0131.jpg'),
(132, 1, 'K001_WW_0132.jpg'),
(133, 1, 'K001_WW_0133.jpg'),
(134, 1, 'K001_WW_0134.jpg'),
(135, 1, 'K001_WW_0135.jpg'),
(136, 1, 'K001_WW_0136.jpg'),
(137, 1, 'K001_WW_0137.jpg'),
(138, 1, 'K001_WW_0138.jpg'),
(139, 1, 'K001_WW_0139.jpg'),
(140, 1, 'K001_WW_0140.jpg'),
(141, 1, 'K001_WW_0141.jpg'),
(142, 1, 'K001_WW_0142.jpg'),
(143, 1, 'K001_WW_0143.jpg'),
(144, 1, 'K001_WW_0144.jpg'),
(145, 1, 'K001_WW_0145.jpg'),
(146, 1, 'K001_WW_0146.jpg'),
(147, 1, 'K001_WW_0147.jpg'),
(148, 1, 'K001_WW_0148.jpg'),
(149, 1, 'K001_WW_0149.jpg'),
(150, 1, 'K001_WW_0150.jpg'),
(151, 1, 'K001_WW_0151.jpg'),
(152, 1, 'K001_WW_0152.jpg'),
(153, 1, 'K001_WW_0153.jpg'),
(154, 1, 'K001_WW_0154.jpg'),
(155, 1, 'K001_WW_0155.jpg'),
(156, 1, 'K001_WW_0156.jpg'),
(157, 1, 'K001_WW_0157.jpg'),
(158, 1, 'K001_WW_0158.jpg'),
(159, 1, 'K001_WW_0159.jpg'),
(160, 1, 'K001_WW_0160.jpg'),
(161, 1, 'K001_WW_0161.jpg'),
(162, 1, 'K001_WW_0162.jpg'),
(163, 1, 'K001_WW_0163.jpg'),
(164, 1, 'K001_WW_0164.jpg'),
(165, 1, 'K001_WW_0165.jpg'),
(166, 1, 'K001_WW_0166.jpg'),
(167, 1, 'K001_WW_0167.jpg'),
(168, 1, 'K001_WW_0168.jpg'),
(169, 1, 'K001_WW_0169.jpg'),
(170, 1, 'K001_WW_0170.jpg'),
(171, 1, 'K001_WW_0171.jpg'),
(172, 1, 'K001_WW_0172.jpg'),
(173, 1, 'K001_WW_0173.jpg'),
(174, 1, 'K001_WW_0174.jpg'),
(175, 1, 'K001_WW_0175.jpg'),
(176, 1, 'K001_WW_0176.jpg'),
(177, 1, 'K001_WW_0177.jpg'),
(178, 1, 'K001_WW_0178.jpg'),
(179, 1, 'K001_WW_0179.jpg'),
(180, 1, 'K001_WW_0180.jpg'),
(181, 1, 'K001_WW_0181.jpg'),
(182, 1, 'K001_WW_0182.jpg'),
(183, 1, 'K001_WW_0183.jpg'),
(184, 1, 'K001_WW_0184.jpg'),
(185, 1, 'K001_WW_0185.jpg'),
(186, 1, 'K001_WW_0186.jpg'),
(187, 1, 'K001_WW_0187.jpg'),
(188, 1, 'K001_WW_0188.jpg'),
(189, 1, 'K001_WW_0189.jpg'),
(190, 1, 'K001_WW_0190.jpg'),
(191, 1, 'K001_WW_0191.jpg'),
(192, 1, 'K001_WW_0192.jpg'),
(193, 1, 'K001_WW_0193.jpg'),
(194, 1, 'K001_WW_0194.jpg'),
(195, 1, 'K001_WW_0195.jpg'),
(196, 1, 'K001_WW_0196.jpg'),
(197, 1, 'K001_WW_0197.jpg'),
(198, 1, 'K001_WW_0198.jpg'),
(199, 1, 'K001_WW_0199.jpg'),
(200, 1, 'K001_WW_0200.jpg'),
(201, 2, 'K001_WB_0001.jpg'),
(202, 2, 'K001_WB_0002.jpg'),
(203, 2, 'K001_WB_0003.jpg'),
(204, 2, 'K001_WB_0004.jpg'),
(205, 2, 'K001_WB_0005.jpg'),
(206, 2, 'K001_WB_0006.jpg'),
(207, 2, 'K001_WB_0007.jpg'),
(208, 2, 'K001_WB_0008.jpg'),
(209, 2, 'K001_WB_0009.jpg'),
(210, 2, 'K001_WB_0010.jpg'),
(211, 2, 'K001_WB_0011.jpg'),
(212, 2, 'K001_WB_0012.jpg'),
(213, 2, 'K001_WB_0013.jpg'),
(214, 2, 'K001_WB_0014.jpg'),
(215, 2, 'K001_WB_0015.jpg'),
(216, 2, 'K001_WB_0016.jpg'),
(217, 2, 'K001_WB_0017.jpg'),
(218, 2, 'K001_WB_0018.jpg'),
(219, 2, 'K001_WB_0019.jpg'),
(220, 2, 'K001_WB_0020.jpg'),
(221, 2, 'K001_WB_0021.jpg'),
(222, 2, 'K001_WB_0022.jpg'),
(223, 2, 'K001_WB_0023.jpg'),
(224, 2, 'K001_WB_0024.jpg'),
(225, 2, 'K001_WB_0025.jpg'),
(226, 2, 'K001_WB_0026.jpg'),
(227, 2, 'K001_WB_0027.jpg'),
(228, 2, 'K001_WB_0028.jpg'),
(229, 2, 'K001_WB_0029.jpg'),
(230, 2, 'K001_WB_0030.jpg'),
(231, 2, 'K001_WB_0031.jpg'),
(232, 2, 'K001_WB_0032.jpg'),
(233, 2, 'K001_WB_0033.jpg'),
(234, 2, 'K001_WB_0034.jpg'),
(235, 2, 'K001_WB_0035.jpg'),
(236, 2, 'K001_WB_0036.jpg'),
(237, 2, 'K001_WB_0037.jpg'),
(238, 2, 'K001_WB_0038.jpg'),
(239, 2, 'K001_WB_0039.jpg'),
(240, 2, 'K001_WB_0040.jpg'),
(241, 2, 'K001_WB_0041.jpg'),
(242, 2, 'K001_WB_0042.jpg'),
(243, 2, 'K001_WB_0043.jpg'),
(244, 2, 'K001_WB_0044.jpg'),
(245, 2, 'K001_WB_0045.jpg'),
(246, 2, 'K001_WB_0046.jpg'),
(247, 2, 'K001_WB_0047.jpg'),
(248, 2, 'K001_WB_0048.jpg'),
(249, 2, 'K001_WB_0049.jpg'),
(250, 2, 'K001_WB_0050.jpg'),
(251, 2, 'K001_WB_0051.jpg'),
(252, 2, 'K001_WB_0052.jpg'),
(253, 2, 'K001_WB_0053.jpg'),
(254, 2, 'K001_WB_0054.jpg'),
(255, 2, 'K001_WB_0055.jpg'),
(256, 2, 'K001_WB_0056.jpg'),
(257, 2, 'K001_WB_0057.jpg'),
(258, 2, 'K001_WB_0058.jpg'),
(259, 2, 'K001_WB_0059.jpg'),
(260, 2, 'K001_WB_0060.jpg'),
(261, 2, 'K001_WB_0061.jpg'),
(262, 2, 'K001_WB_0062.jpg'),
(263, 2, 'K001_WB_0063.jpg'),
(264, 2, 'K001_WB_0064.jpg'),
(265, 2, 'K001_WB_0065.jpg'),
(266, 2, 'K001_WB_0066.jpg'),
(267, 2, 'K001_WB_0067.jpg'),
(268, 2, 'K001_WB_0068.jpg'),
(269, 2, 'K001_WB_0069.jpg'),
(270, 2, 'K001_WB_0070.jpg'),
(271, 2, 'K001_WB_0071.jpg'),
(272, 2, 'K001_WB_0072.jpg'),
(273, 2, 'K001_WB_0073.jpg'),
(274, 2, 'K001_WB_0074.jpg'),
(275, 2, 'K001_WB_0075.jpg'),
(276, 2, 'K001_WB_0076.jpg'),
(277, 2, 'K001_WB_0077.jpg'),
(278, 2, 'K001_WB_0078.jpg'),
(279, 2, 'K001_WB_0079.jpg'),
(280, 2, 'K001_WB_0080.jpg'),
(281, 2, 'K001_WB_0081.jpg'),
(282, 2, 'K001_WB_0082.jpg'),
(283, 2, 'K001_WB_0083.jpg'),
(284, 2, 'K001_WB_0084.jpg'),
(285, 2, 'K001_WB_0085.jpg'),
(286, 2, 'K001_WB_0086.jpg'),
(287, 2, 'K001_WB_0087.jpg'),
(288, 2, 'K001_WB_0088.jpg'),
(289, 2, 'K001_WB_0089.jpg'),
(290, 2, 'K001_WB_0090.jpg'),
(291, 2, 'K001_WB_0091.jpg'),
(292, 2, 'K001_WB_0092.jpg'),
(293, 2, 'K001_WB_0093.jpg'),
(294, 2, 'K001_WB_0094.jpg'),
(295, 2, 'K001_WB_0095.jpg'),
(296, 2, 'K001_WB_0096.jpg'),
(297, 2, 'K001_WB_0097.jpg'),
(298, 2, 'K001_WB_0098.jpg'),
(299, 2, 'K001_WB_0099.jpg'),
(300, 2, 'K001_WB_0100.jpg'),
(301, 2, 'K001_WB_0101.jpg'),
(302, 2, 'K001_WB_0102.jpg'),
(303, 2, 'K001_WB_0103.jpg'),
(304, 2, 'K001_WB_0104.jpg'),
(305, 2, 'K001_WB_0105.jpg'),
(306, 2, 'K001_WB_0106.jpg'),
(307, 2, 'K001_WB_0107.jpg'),
(308, 2, 'K001_WB_0108.jpg'),
(309, 2, 'K001_WB_0109.jpg'),
(310, 2, 'K001_WB_0110.jpg'),
(311, 2, 'K001_WB_0111.jpg'),
(312, 2, 'K001_WB_0112.jpg'),
(313, 2, 'K001_WB_0113.jpg'),
(314, 2, 'K001_WB_0114.jpg'),
(315, 2, 'K001_WB_0115.jpg'),
(316, 2, 'K001_WB_0116.jpg'),
(317, 2, 'K001_WB_0117.jpg'),
(318, 2, 'K001_WB_0118.jpg'),
(319, 2, 'K001_WB_0119.jpg'),
(320, 2, 'K001_WB_0120.jpg'),
(321, 2, 'K001_WB_0121.jpg'),
(322, 2, 'K001_WB_0122.jpg'),
(323, 2, 'K001_WB_0123.jpg'),
(324, 2, 'K001_WB_0124.jpg'),
(325, 2, 'K001_WB_0125.jpg'),
(326, 2, 'K001_WB_0126.jpg'),
(327, 2, 'K001_WB_0127.jpg'),
(328, 2, 'K001_WB_0128.jpg'),
(329, 2, 'K001_WB_0129.jpg'),
(330, 2, 'K001_WB_0130.jpg'),
(331, 2, 'K001_WB_0131.jpg'),
(332, 2, 'K001_WB_0132.jpg'),
(333, 2, 'K001_WB_0133.jpg'),
(334, 2, 'K001_WB_0134.jpg'),
(335, 2, 'K001_WB_0135.jpg'),
(336, 2, 'K001_WB_0136.jpg'),
(337, 2, 'K001_WB_0137.jpg'),
(338, 2, 'K001_WB_0138.jpg'),
(339, 2, 'K001_WB_0139.jpg'),
(340, 2, 'K001_WB_0140.jpg'),
(341, 2, 'K001_WB_0141.jpg'),
(342, 2, 'K001_WB_0142.jpg'),
(343, 2, 'K001_WB_0143.jpg'),
(344, 2, 'K001_WB_0144.jpg'),
(345, 2, 'K001_WB_0145.jpg'),
(346, 2, 'K001_WB_0146.jpg'),
(347, 2, 'K001_WB_0147.jpg'),
(348, 2, 'K001_WB_0148.jpg'),
(349, 2, 'K001_WB_0149.jpg'),
(350, 2, 'K001_WB_0150.jpg'),
(351, 2, 'K001_WB_0151.jpg'),
(352, 2, 'K001_WB_0152.jpg'),
(353, 2, 'K001_WB_0153.jpg'),
(354, 2, 'K001_WB_0154.jpg'),
(355, 2, 'K001_WB_0155.jpg'),
(356, 2, 'K001_WB_0156.jpg'),
(357, 2, 'K001_WB_0157.jpg'),
(358, 2, 'K001_WB_0158.jpg'),
(359, 2, 'K001_WB_0159.jpg'),
(360, 2, 'K001_WB_0160.jpg'),
(361, 2, 'K001_WB_0161.jpg'),
(362, 2, 'K001_WB_0162.jpg'),
(363, 2, 'K001_WB_0163.jpg'),
(364, 2, 'K001_WB_0164.jpg'),
(365, 2, 'K001_WB_0165.jpg'),
(366, 2, 'K001_WB_0166.jpg'),
(367, 2, 'K001_WB_0167.jpg'),
(368, 2, 'K001_WB_0168.jpg'),
(369, 2, 'K001_WB_0169.jpg'),
(370, 2, 'K001_WB_0170.jpg'),
(371, 2, 'K001_WB_0171.jpg'),
(372, 2, 'K001_WB_0172.jpg'),
(373, 2, 'K001_WB_0173.jpg'),
(374, 2, 'K001_WB_0174.jpg'),
(375, 2, 'K001_WB_0175.jpg'),
(376, 2, 'K001_WB_0176.jpg'),
(377, 2, 'K001_WB_0177.jpg'),
(378, 2, 'K001_WB_0178.jpg'),
(379, 2, 'K001_WB_0179.jpg'),
(380, 2, 'K001_WB_0180.jpg'),
(381, 2, 'K001_WB_0181.jpg'),
(382, 2, 'K001_WB_0182.jpg'),
(383, 2, 'K001_WB_0183.jpg'),
(384, 2, 'K001_WB_0184.jpg'),
(385, 2, 'K001_WB_0185.jpg'),
(386, 2, 'K001_WB_0186.jpg'),
(387, 2, 'K001_WB_0187.jpg'),
(388, 2, 'K001_WB_0188.jpg'),
(389, 2, 'K001_WB_0189.jpg'),
(390, 2, 'K001_WB_0190.jpg'),
(391, 2, 'K001_WB_0191.jpg'),
(392, 2, 'K001_WB_0192.jpg'),
(393, 2, 'K001_WB_0193.jpg'),
(394, 2, 'K001_WB_0194.jpg'),
(395, 2, 'K001_WB_0195.jpg'),
(396, 2, 'K001_WB_0196.jpg'),
(397, 2, 'K001_WB_0197.jpg'),
(398, 2, 'K001_WB_0198.jpg'),
(399, 2, 'K001_WB_0199.jpg'),
(400, 2, 'K001_WB_0200.jpg'),
(401, 3, 'K001_WM_0001.jpg'),
(402, 3, 'K001_WM_0002.jpg'),
(403, 3, 'K001_WM_0003.jpg'),
(404, 3, 'K001_WM_0004.jpg'),
(405, 3, 'K001_WM_0005.jpg'),
(406, 3, 'K001_WM_0006.jpg'),
(407, 3, 'K001_WM_0007.jpg'),
(408, 3, 'K001_WM_0008.jpg'),
(409, 3, 'K001_WM_0009.jpg'),
(410, 3, 'K001_WM_0010.jpg'),
(411, 3, 'K001_WM_0011.jpg'),
(412, 3, 'K001_WM_0012.jpg'),
(413, 3, 'K001_WM_0013.jpg'),
(414, 3, 'K001_WM_0014.jpg'),
(415, 3, 'K001_WM_0015.jpg'),
(416, 3, 'K001_WM_0016.jpg'),
(417, 3, 'K001_WM_0017.jpg'),
(418, 3, 'K001_WM_0018.jpg'),
(419, 3, 'K001_WM_0019.jpg'),
(420, 3, 'K001_WM_0020.jpg'),
(421, 3, 'K001_WM_0021.jpg'),
(422, 3, 'K001_WM_0022.jpg'),
(423, 3, 'K001_WM_0023.jpg'),
(424, 3, 'K001_WM_0024.jpg'),
(425, 3, 'K001_WM_0025.jpg'),
(426, 3, 'K001_WM_0026.jpg'),
(427, 3, 'K001_WM_0027.jpg'),
(428, 3, 'K001_WM_0028.jpg'),
(429, 3, 'K001_WM_0029.jpg'),
(430, 3, 'K001_WM_0030.jpg'),
(431, 3, 'K001_WM_0031.jpg'),
(432, 3, 'K001_WM_0032.jpg'),
(433, 3, 'K001_WM_0033.jpg'),
(434, 3, 'K001_WM_0034.jpg'),
(435, 3, 'K001_WM_0035.jpg'),
(436, 3, 'K001_WM_0036.jpg'),
(437, 3, 'K001_WM_0037.jpg'),
(438, 3, 'K001_WM_0038.jpg'),
(439, 3, 'K001_WM_0039.jpg'),
(440, 3, 'K001_WM_0040.jpg'),
(441, 3, 'K001_WM_0041.jpg'),
(442, 3, 'K001_WM_0042.jpg'),
(443, 3, 'K001_WM_0043.jpg'),
(444, 3, 'K001_WM_0044.jpg'),
(445, 3, 'K001_WM_0045.jpg'),
(446, 3, 'K001_WM_0046.jpg'),
(447, 3, 'K001_WM_0047.jpg'),
(448, 3, 'K001_WM_0048.jpg'),
(449, 3, 'K001_WM_0049.jpg'),
(450, 3, 'K001_WM_0050.jpg'),
(451, 3, 'K001_WM_0051.jpg'),
(452, 3, 'K001_WM_0052.jpg'),
(453, 3, 'K001_WM_0053.jpg'),
(454, 3, 'K001_WM_0054.jpg'),
(455, 3, 'K001_WM_0055.jpg'),
(456, 3, 'K001_WM_0056.jpg'),
(457, 3, 'K001_WM_0057.jpg'),
(458, 3, 'K001_WM_0058.jpg'),
(459, 3, 'K001_WM_0059.jpg'),
(460, 3, 'K001_WM_0060.jpg'),
(461, 3, 'K001_WM_0061.jpg'),
(462, 3, 'K001_WM_0062.jpg'),
(463, 3, 'K001_WM_0063.jpg'),
(464, 3, 'K001_WM_0064.jpg'),
(465, 3, 'K001_WM_0065.jpg'),
(466, 3, 'K001_WM_0066.jpg'),
(467, 3, 'K001_WM_0067.jpg'),
(468, 3, 'K001_WM_0068.jpg'),
(469, 3, 'K001_WM_0069.jpg'),
(470, 3, 'K001_WM_0070.jpg'),
(471, 3, 'K001_WM_0071.jpg'),
(472, 3, 'K001_WM_0072.jpg'),
(473, 3, 'K001_WM_0073.jpg'),
(474, 3, 'K001_WM_0074.jpg'),
(475, 3, 'K001_WM_0075.jpg'),
(476, 3, 'K001_WM_0076.jpg'),
(477, 3, 'K001_WM_0077.jpg'),
(478, 3, 'K001_WM_0078.jpg'),
(479, 3, 'K001_WM_0079.jpg'),
(480, 3, 'K001_WM_0080.jpg'),
(481, 3, 'K001_WM_0081.jpg'),
(482, 3, 'K001_WM_0082.jpg'),
(483, 3, 'K001_WM_0083.jpg'),
(484, 3, 'K001_WM_0084.jpg'),
(485, 3, 'K001_WM_0085.jpg'),
(486, 3, 'K001_WM_0086.jpg'),
(487, 3, 'K001_WM_0087.jpg'),
(488, 3, 'K001_WM_0088.jpg'),
(489, 3, 'K001_WM_0089.jpg'),
(490, 3, 'K001_WM_0090.jpg'),
(491, 3, 'K001_WM_0091.jpg'),
(492, 3, 'K001_WM_0092.jpg'),
(493, 3, 'K001_WM_0093.jpg'),
(494, 3, 'K001_WM_0094.jpg'),
(495, 3, 'K001_WM_0095.jpg'),
(496, 3, 'K001_WM_0096.jpg'),
(497, 3, 'K001_WM_0097.jpg'),
(498, 3, 'K001_WM_0098.jpg'),
(499, 3, 'K001_WM_0099.jpg'),
(500, 3, 'K001_WM_0100.jpg'),
(501, 3, 'K001_WM_0101.jpg'),
(502, 3, 'K001_WM_0102.jpg'),
(503, 3, 'K001_WM_0103.jpg'),
(504, 3, 'K001_WM_0104.jpg'),
(505, 3, 'K001_WM_0105.jpg'),
(506, 3, 'K001_WM_0106.jpg'),
(507, 3, 'K001_WM_0107.jpg'),
(508, 3, 'K001_WM_0108.jpg'),
(509, 3, 'K001_WM_0109.jpg'),
(510, 3, 'K001_WM_0110.jpg'),
(511, 3, 'K001_WM_0111.jpg'),
(512, 3, 'K001_WM_0112.jpg'),
(513, 3, 'K001_WM_0113.jpg'),
(514, 3, 'K001_WM_0114.jpg'),
(515, 3, 'K001_WM_0115.jpg'),
(516, 3, 'K001_WM_0116.jpg'),
(517, 3, 'K001_WM_0117.jpg'),
(518, 3, 'K001_WM_0118.jpg'),
(519, 3, 'K001_WM_0119.jpg'),
(520, 3, 'K001_WM_0120.jpg'),
(521, 3, 'K001_WM_0121.jpg'),
(522, 3, 'K001_WM_0122.jpg'),
(523, 3, 'K001_WM_0123.jpg'),
(524, 3, 'K001_WM_0124.jpg'),
(525, 3, 'K001_WM_0125.jpg'),
(526, 3, 'K001_WM_0126.jpg'),
(527, 3, 'K001_WM_0127.jpg'),
(528, 3, 'K001_WM_0128.jpg'),
(529, 3, 'K001_WM_0129.jpg'),
(530, 3, 'K001_WM_0130.jpg'),
(531, 3, 'K001_WM_0131.jpg'),
(532, 3, 'K001_WM_0132.jpg'),
(533, 3, 'K001_WM_0133.jpg'),
(534, 3, 'K001_WM_0134.jpg'),
(535, 3, 'K001_WM_0135.jpg'),
(536, 3, 'K001_WM_0136.jpg'),
(537, 3, 'K001_WM_0137.jpg'),
(538, 3, 'K001_WM_0138.jpg'),
(539, 3, 'K001_WM_0139.jpg'),
(540, 3, 'K001_WM_0140.jpg'),
(541, 3, 'K001_WM_0141.jpg'),
(542, 3, 'K001_WM_0142.jpg'),
(543, 3, 'K001_WM_0143.jpg'),
(544, 3, 'K001_WM_0144.jpg'),
(545, 3, 'K001_WM_0145.jpg'),
(546, 3, 'K001_WM_0146.jpg'),
(547, 3, 'K001_WM_0147.jpg'),
(548, 3, 'K001_WM_0148.jpg'),
(549, 3, 'K001_WM_0149.jpg'),
(550, 3, 'K001_WM_0150.jpg'),
(551, 3, 'K001_WM_0151.jpg'),
(552, 3, 'K001_WM_0152.jpg'),
(553, 3, 'K001_WM_0153.jpg'),
(554, 3, 'K001_WM_0154.jpg'),
(555, 3, 'K001_WM_0155.jpg'),
(556, 3, 'K001_WM_0156.jpg'),
(557, 3, 'K001_WM_0157.jpg'),
(558, 3, 'K001_WM_0158.jpg'),
(559, 3, 'K001_WM_0159.jpg'),
(560, 3, 'K001_WM_0160.jpg'),
(561, 3, 'K001_WM_0161.jpg'),
(562, 3, 'K001_WM_0162.jpg'),
(563, 3, 'K001_WM_0163.jpg'),
(564, 3, 'K001_WM_0164.jpg'),
(565, 3, 'K001_WM_0165.jpg'),
(566, 3, 'K001_WM_0166.jpg'),
(567, 3, 'K001_WM_0167.jpg'),
(568, 3, 'K001_WM_0168.jpg'),
(569, 3, 'K001_WM_0169.jpg'),
(570, 3, 'K001_WM_0170.jpg'),
(571, 3, 'K001_WM_0171.jpg'),
(572, 3, 'K001_WM_0172.jpg'),
(573, 3, 'K001_WM_0173.jpg'),
(574, 3, 'K001_WM_0174.jpg'),
(575, 3, 'K001_WM_0175.jpg'),
(576, 3, 'K001_WM_0176.jpg'),
(577, 3, 'K001_WM_0177.jpg'),
(578, 3, 'K001_WM_0178.jpg'),
(579, 3, 'K001_WM_0179.jpg'),
(580, 3, 'K001_WM_0180.jpg'),
(581, 3, 'K001_WM_0181.jpg'),
(582, 3, 'K001_WM_0182.jpg'),
(583, 3, 'K001_WM_0183.jpg'),
(584, 3, 'K001_WM_0184.jpg'),
(585, 3, 'K001_WM_0185.jpg'),
(586, 3, 'K001_WM_0186.jpg'),
(587, 3, 'K001_WM_0187.jpg'),
(588, 3, 'K001_WM_0188.jpg'),
(589, 3, 'K001_WM_0189.jpg'),
(590, 3, 'K001_WM_0190.jpg'),
(591, 3, 'K001_WM_0191.jpg'),
(592, 3, 'K001_WM_0192.jpg'),
(593, 3, 'K001_WM_0193.jpg'),
(594, 3, 'K001_WM_0194.jpg'),
(595, 3, 'K001_WM_0195.jpg'),
(596, 3, 'K001_WM_0196.jpg'),
(597, 3, 'K001_WM_0197.jpg'),
(598, 3, 'K001_WM_0198.jpg'),
(599, 3, 'K001_WM_0199.jpg'),
(600, 3, 'K001_WM_0200.jpg'),
(601, 4, 'K001_WC_0001.jpg'),
(602, 4, 'K001_WC_0002.jpg'),
(603, 4, 'K001_WC_0003.jpg'),
(604, 4, 'K001_WC_0004.jpg'),
(605, 4, 'K001_WC_0005.jpg'),
(606, 4, 'K001_WC_0006.jpg'),
(607, 4, 'K001_WC_0007.jpg'),
(608, 4, 'K001_WC_0008.jpg'),
(609, 4, 'K001_WC_0009.jpg'),
(610, 4, 'K001_WC_0010.jpg'),
(611, 4, 'K001_WC_0011.jpg'),
(612, 4, 'K001_WC_0012.jpg'),
(613, 4, 'K001_WC_0013.jpg'),
(614, 4, 'K001_WC_0014.jpg'),
(615, 4, 'K001_WC_0015.jpg'),
(616, 4, 'K001_WC_0016.jpg'),
(617, 4, 'K001_WC_0017.jpg'),
(618, 4, 'K001_WC_0018.jpg'),
(619, 4, 'K001_WC_0019.jpg'),
(620, 4, 'K001_WC_0020.jpg'),
(621, 4, 'K001_WC_0021.jpg'),
(622, 4, 'K001_WC_0022.jpg'),
(623, 4, 'K001_WC_0023.jpg'),
(624, 4, 'K001_WC_0024.jpg'),
(625, 4, 'K001_WC_0025.jpg'),
(626, 4, 'K001_WC_0026.jpg'),
(627, 4, 'K001_WC_0027.jpg'),
(628, 4, 'K001_WC_0028.jpg'),
(629, 4, 'K001_WC_0029.jpg'),
(630, 4, 'K001_WC_0030.jpg'),
(631, 4, 'K001_WC_0031.jpg'),
(632, 4, 'K001_WC_0032.jpg'),
(633, 4, 'K001_WC_0033.jpg'),
(634, 4, 'K001_WC_0034.jpg'),
(635, 4, 'K001_WC_0035.jpg'),
(636, 4, 'K001_WC_0036.jpg'),
(637, 4, 'K001_WC_0037.jpg'),
(638, 4, 'K001_WC_0038.jpg'),
(639, 4, 'K001_WC_0039.jpg'),
(640, 4, 'K001_WC_0040.jpg'),
(641, 4, 'K001_WC_0041.jpg'),
(642, 4, 'K001_WC_0042.jpg'),
(643, 4, 'K001_WC_0043.jpg'),
(644, 4, 'K001_WC_0044.jpg'),
(645, 4, 'K001_WC_0045.jpg'),
(646, 4, 'K001_WC_0046.jpg'),
(647, 4, 'K001_WC_0047.jpg'),
(648, 4, 'K001_WC_0048.jpg'),
(649, 4, 'K001_WC_0049.jpg'),
(650, 4, 'K001_WC_0050.jpg'),
(651, 4, 'K001_WC_0051.jpg'),
(652, 4, 'K001_WC_0052.jpg'),
(653, 4, 'K001_WC_0053.jpg'),
(654, 4, 'K001_WC_0054.jpg'),
(655, 4, 'K001_WC_0055.jpg'),
(656, 4, 'K001_WC_0056.jpg'),
(657, 4, 'K001_WC_0057.jpg'),
(658, 4, 'K001_WC_0058.jpg'),
(659, 4, 'K001_WC_0059.jpg'),
(660, 4, 'K001_WC_0060.jpg'),
(661, 4, 'K001_WC_0061.jpg'),
(662, 4, 'K001_WC_0062.jpg'),
(663, 4, 'K001_WC_0063.jpg'),
(664, 4, 'K001_WC_0064.jpg'),
(665, 4, 'K001_WC_0065.jpg'),
(666, 4, 'K001_WC_0066.jpg'),
(667, 4, 'K001_WC_0067.jpg'),
(668, 4, 'K001_WC_0068.jpg'),
(669, 4, 'K001_WC_0069.jpg'),
(670, 4, 'K001_WC_0070.jpg'),
(671, 4, 'K001_WC_0071.jpg'),
(672, 4, 'K001_WC_0072.jpg'),
(673, 4, 'K001_WC_0073.jpg'),
(674, 4, 'K001_WC_0074.jpg'),
(675, 4, 'K001_WC_0075.jpg'),
(676, 4, 'K001_WC_0076.jpg'),
(677, 4, 'K001_WC_0077.jpg'),
(678, 4, 'K001_WC_0078.jpg'),
(679, 4, 'K001_WC_0079.jpg'),
(680, 4, 'K001_WC_0080.jpg'),
(681, 4, 'K001_WC_0081.jpg'),
(682, 4, 'K001_WC_0082.jpg'),
(683, 4, 'K001_WC_0083.jpg'),
(684, 4, 'K001_WC_0084.jpg'),
(685, 4, 'K001_WC_0085.jpg'),
(686, 4, 'K001_WC_0086.jpg'),
(687, 4, 'K001_WC_0087.jpg'),
(688, 4, 'K001_WC_0088.jpg'),
(689, 4, 'K001_WC_0089.jpg'),
(690, 4, 'K001_WC_0090.jpg'),
(691, 4, 'K001_WC_0091.jpg'),
(692, 4, 'K001_WC_0092.jpg'),
(693, 4, 'K001_WC_0093.jpg'),
(694, 4, 'K001_WC_0094.jpg'),
(695, 4, 'K001_WC_0095.jpg'),
(696, 4, 'K001_WC_0096.jpg'),
(697, 4, 'K001_WC_0097.jpg'),
(698, 4, 'K001_WC_0098.jpg'),
(699, 4, 'K001_WC_0099.jpg'),
(700, 4, 'K001_WC_0100.jpg'),
(701, 4, 'K001_WC_0101.jpg'),
(702, 4, 'K001_WC_0102.jpg'),
(703, 4, 'K001_WC_0103.jpg'),
(704, 4, 'K001_WC_0104.jpg'),
(705, 4, 'K001_WC_0105.jpg'),
(706, 4, 'K001_WC_0106.jpg'),
(707, 4, 'K001_WC_0107.jpg'),
(708, 4, 'K001_WC_0108.jpg'),
(709, 4, 'K001_WC_0109.jpg'),
(710, 4, 'K001_WC_0110.jpg'),
(711, 4, 'K001_WC_0111.jpg'),
(712, 4, 'K001_WC_0112.jpg'),
(713, 4, 'K001_WC_0113.jpg'),
(714, 4, 'K001_WC_0114.jpg'),
(715, 4, 'K001_WC_0115.jpg'),
(716, 4, 'K001_WC_0116.jpg'),
(717, 4, 'K001_WC_0117.jpg'),
(718, 4, 'K001_WC_0118.jpg'),
(719, 4, 'K001_WC_0119.jpg'),
(720, 4, 'K001_WC_0120.jpg'),
(721, 4, 'K001_WC_0121.jpg'),
(722, 4, 'K001_WC_0122.jpg'),
(723, 4, 'K001_WC_0123.jpg'),
(724, 4, 'K001_WC_0124.jpg'),
(725, 4, 'K001_WC_0125.jpg'),
(726, 4, 'K001_WC_0126.jpg'),
(727, 4, 'K001_WC_0127.jpg'),
(728, 4, 'K001_WC_0128.jpg'),
(729, 4, 'K001_WC_0129.jpg'),
(730, 4, 'K001_WC_0130.jpg'),
(731, 4, 'K001_WC_0131.jpg'),
(732, 4, 'K001_WC_0132.jpg'),
(733, 4, 'K001_WC_0133.jpg'),
(734, 4, 'K001_WC_0134.jpg'),
(735, 4, 'K001_WC_0135.jpg'),
(736, 4, 'K001_WC_0136.jpg'),
(737, 4, 'K001_WC_0137.jpg'),
(738, 4, 'K001_WC_0138.jpg'),
(739, 4, 'K001_WC_0139.jpg'),
(740, 4, 'K001_WC_0140.jpg'),
(741, 4, 'K001_WC_0141.jpg'),
(742, 4, 'K001_WC_0142.jpg'),
(743, 4, 'K001_WC_0143.jpg'),
(744, 4, 'K001_WC_0144.jpg'),
(745, 4, 'K001_WC_0145.jpg'),
(746, 4, 'K001_WC_0146.jpg'),
(747, 4, 'K001_WC_0147.jpg'),
(748, 4, 'K001_WC_0148.jpg'),
(749, 4, 'K001_WC_0149.jpg'),
(750, 4, 'K001_WC_0150.jpg'),
(751, 4, 'K001_WC_0151.jpg'),
(752, 4, 'K001_WC_0152.jpg'),
(753, 4, 'K001_WC_0153.jpg'),
(754, 4, 'K001_WC_0154.jpg'),
(755, 4, 'K001_WC_0155.jpg'),
(756, 4, 'K001_WC_0156.jpg'),
(757, 4, 'K001_WC_0157.jpg'),
(758, 4, 'K001_WC_0158.jpg'),
(759, 4, 'K001_WC_0159.jpg'),
(760, 4, 'K001_WC_0160.jpg'),
(761, 4, 'K001_WC_0161.jpg'),
(762, 4, 'K001_WC_0162.jpg'),
(763, 4, 'K001_WC_0163.jpg'),
(764, 4, 'K001_WC_0164.jpg'),
(765, 4, 'K001_WC_0165.jpg'),
(766, 4, 'K001_WC_0166.jpg'),
(767, 4, 'K001_WC_0167.jpg'),
(768, 4, 'K001_WC_0168.jpg'),
(769, 4, 'K001_WC_0169.jpg'),
(770, 4, 'K001_WC_0170.jpg'),
(771, 4, 'K001_WC_0171.jpg'),
(772, 4, 'K001_WC_0172.jpg'),
(773, 4, 'K001_WC_0173.jpg'),
(774, 4, 'K001_WC_0174.jpg'),
(775, 4, 'K001_WC_0175.jpg'),
(776, 4, 'K001_WC_0176.jpg'),
(777, 4, 'K001_WC_0177.jpg'),
(778, 4, 'K001_WC_0178.jpg'),
(779, 4, 'K001_WC_0179.jpg'),
(780, 4, 'K001_WC_0180.jpg'),
(781, 4, 'K001_WC_0181.jpg'),
(782, 4, 'K001_WC_0182.jpg'),
(783, 4, 'K001_WC_0183.jpg'),
(784, 4, 'K001_WC_0184.jpg'),
(785, 4, 'K001_WC_0185.jpg'),
(786, 4, 'K001_WC_0186.jpg'),
(787, 4, 'K001_WC_0187.jpg'),
(788, 4, 'K001_WC_0188.jpg'),
(789, 4, 'K001_WC_0189.jpg'),
(790, 4, 'K001_WC_0190.jpg'),
(791, 4, 'K001_WC_0191.jpg'),
(792, 4, 'K001_WC_0192.jpg'),
(793, 4, 'K001_WC_0193.jpg'),
(794, 4, 'K001_WC_0194.jpg'),
(795, 4, 'K001_WC_0195.jpg'),
(796, 4, 'K001_WC_0196.jpg'),
(797, 4, 'K001_WC_0197.jpg'),
(798, 4, 'K001_WC_0198.jpg'),
(799, 4, 'K001_WC_0199.jpg'),
(800, 4, 'K001_WC_0200.jpg'),
(801, 5, 'K001_WR_0001.jpg'),
(802, 5, 'K001_WR_0002.jpg'),
(803, 5, 'K001_WR_0003.jpg'),
(804, 5, 'K001_WR_0004.jpg'),
(805, 5, 'K001_WR_0005.jpg'),
(806, 5, 'K001_WR_0006.jpg'),
(807, 5, 'K001_WR_0007.jpg'),
(808, 5, 'K001_WR_0008.jpg'),
(809, 5, 'K001_WR_0009.jpg'),
(810, 5, 'K001_WR_0010.jpg'),
(811, 5, 'K001_WR_0011.jpg'),
(812, 5, 'K001_WR_0012.jpg'),
(813, 5, 'K001_WR_0013.jpg'),
(814, 5, 'K001_WR_0014.jpg'),
(815, 5, 'K001_WR_0015.jpg'),
(816, 5, 'K001_WR_0016.jpg'),
(817, 5, 'K001_WR_0017.jpg'),
(818, 5, 'K001_WR_0018.jpg'),
(819, 5, 'K001_WR_0019.jpg'),
(820, 5, 'K001_WR_0020.jpg'),
(821, 5, 'K001_WR_0021.jpg'),
(822, 5, 'K001_WR_0022.jpg'),
(823, 5, 'K001_WR_0023.jpg'),
(824, 5, 'K001_WR_0024.jpg'),
(825, 5, 'K001_WR_0025.jpg'),
(826, 5, 'K001_WR_0026.jpg'),
(827, 5, 'K001_WR_0027.jpg'),
(828, 5, 'K001_WR_0028.jpg'),
(829, 5, 'K001_WR_0029.jpg'),
(830, 5, 'K001_WR_0030.jpg'),
(831, 5, 'K001_WR_0031.jpg'),
(832, 5, 'K001_WR_0032.jpg'),
(833, 5, 'K001_WR_0033.jpg'),
(834, 5, 'K001_WR_0034.jpg'),
(835, 5, 'K001_WR_0035.jpg'),
(836, 5, 'K001_WR_0036.jpg'),
(837, 5, 'K001_WR_0037.jpg'),
(838, 5, 'K001_WR_0038.jpg'),
(839, 5, 'K001_WR_0039.jpg'),
(840, 5, 'K001_WR_0040.jpg'),
(841, 5, 'K001_WR_0041.jpg'),
(842, 5, 'K001_WR_0042.jpg'),
(843, 5, 'K001_WR_0043.jpg'),
(844, 5, 'K001_WR_0044.jpg'),
(845, 5, 'K001_WR_0045.jpg'),
(846, 5, 'K001_WR_0046.jpg'),
(847, 5, 'K001_WR_0047.jpg'),
(848, 5, 'K001_WR_0048.jpg'),
(849, 5, 'K001_WR_0049.jpg'),
(850, 5, 'K001_WR_0050.jpg'),
(851, 5, 'K001_WR_0051.jpg'),
(852, 5, 'K001_WR_0052.jpg'),
(853, 5, 'K001_WR_0053.jpg'),
(854, 5, 'K001_WR_0054.jpg'),
(855, 5, 'K001_WR_0055.jpg'),
(856, 5, 'K001_WR_0056.jpg'),
(857, 5, 'K001_WR_0057.jpg'),
(858, 5, 'K001_WR_0058.jpg'),
(859, 5, 'K001_WR_0059.jpg'),
(860, 5, 'K001_WR_0060.jpg'),
(861, 5, 'K001_WR_0061.jpg'),
(862, 5, 'K001_WR_0062.jpg'),
(863, 5, 'K001_WR_0063.jpg'),
(864, 5, 'K001_WR_0064.jpg'),
(865, 5, 'K001_WR_0065.jpg'),
(866, 5, 'K001_WR_0066.jpg'),
(867, 5, 'K001_WR_0067.jpg'),
(868, 5, 'K001_WR_0068.jpg'),
(869, 5, 'K001_WR_0069.jpg'),
(870, 5, 'K001_WR_0070.jpg'),
(871, 5, 'K001_WR_0071.jpg'),
(872, 5, 'K001_WR_0072.jpg'),
(873, 5, 'K001_WR_0073.jpg'),
(874, 5, 'K001_WR_0074.jpg'),
(875, 5, 'K001_WR_0075.jpg'),
(876, 5, 'K001_WR_0076.jpg'),
(877, 5, 'K001_WR_0077.jpg'),
(878, 5, 'K001_WR_0078.jpg'),
(879, 5, 'K001_WR_0079.jpg'),
(880, 5, 'K001_WR_0080.jpg'),
(881, 5, 'K001_WR_0081.jpg'),
(882, 5, 'K001_WR_0082.jpg'),
(883, 5, 'K001_WR_0083.jpg'),
(884, 5, 'K001_WR_0084.jpg'),
(885, 5, 'K001_WR_0085.jpg'),
(886, 5, 'K001_WR_0086.jpg'),
(887, 5, 'K001_WR_0087.jpg'),
(888, 5, 'K001_WR_0088.jpg'),
(889, 5, 'K001_WR_0089.jpg'),
(890, 5, 'K001_WR_0090.jpg'),
(891, 5, 'K001_WR_0091.jpg'),
(892, 5, 'K001_WR_0092.jpg'),
(893, 5, 'K001_WR_0093.jpg'),
(894, 5, 'K001_WR_0094.jpg'),
(895, 5, 'K001_WR_0095.jpg'),
(896, 5, 'K001_WR_0096.jpg'),
(897, 5, 'K001_WR_0097.jpg'),
(898, 5, 'K001_WR_0098.jpg'),
(899, 5, 'K001_WR_0099.jpg'),
(900, 5, 'K001_WR_0100.jpg'),
(901, 5, 'K001_WR_0101.jpg'),
(902, 5, 'K001_WR_0102.jpg'),
(903, 5, 'K001_WR_0103.jpg'),
(904, 5, 'K001_WR_0104.jpg'),
(905, 5, 'K001_WR_0105.jpg'),
(906, 5, 'K001_WR_0106.jpg'),
(907, 5, 'K001_WR_0107.jpg'),
(908, 5, 'K001_WR_0108.jpg'),
(909, 5, 'K001_WR_0109.jpg'),
(910, 5, 'K001_WR_0110.jpg'),
(911, 5, 'K001_WR_0111.jpg'),
(912, 5, 'K001_WR_0112.jpg'),
(913, 5, 'K001_WR_0113.jpg'),
(914, 5, 'K001_WR_0114.jpg'),
(915, 5, 'K001_WR_0115.jpg'),
(916, 5, 'K001_WR_0116.jpg'),
(917, 5, 'K001_WR_0117.jpg'),
(918, 5, 'K001_WR_0118.jpg'),
(919, 5, 'K001_WR_0119.jpg'),
(920, 5, 'K001_WR_0120.jpg'),
(921, 5, 'K001_WR_0121.jpg'),
(922, 5, 'K001_WR_0122.jpg'),
(923, 5, 'K001_WR_0123.jpg'),
(924, 5, 'K001_WR_0124.jpg'),
(925, 5, 'K001_WR_0125.jpg'),
(926, 5, 'K001_WR_0126.jpg'),
(927, 5, 'K001_WR_0127.jpg'),
(928, 5, 'K001_WR_0128.jpg'),
(929, 5, 'K001_WR_0129.jpg'),
(930, 5, 'K001_WR_0130.jpg'),
(931, 5, 'K001_WR_0131.jpg'),
(932, 5, 'K001_WR_0132.jpg'),
(933, 5, 'K001_WR_0133.jpg'),
(934, 5, 'K001_WR_0134.jpg'),
(935, 5, 'K001_WR_0135.jpg'),
(936, 5, 'K001_WR_0136.jpg'),
(937, 5, 'K001_WR_0137.jpg'),
(938, 5, 'K001_WR_0138.jpg'),
(939, 5, 'K001_WR_0139.jpg'),
(940, 5, 'K001_WR_0140.jpg'),
(941, 5, 'K001_WR_0141.jpg'),
(942, 5, 'K001_WR_0142.jpg'),
(943, 5, 'K001_WR_0143.jpg'),
(944, 5, 'K001_WR_0144.jpg'),
(945, 5, 'K001_WR_0145.jpg'),
(946, 5, 'K001_WR_0146.jpg'),
(947, 5, 'K001_WR_0147.jpg'),
(948, 5, 'K001_WR_0148.jpg'),
(949, 5, 'K001_WR_0149.jpg'),
(950, 5, 'K001_WR_0150.jpg'),
(951, 5, 'K001_WR_0151.jpg'),
(952, 5, 'K001_WR_0152.jpg'),
(953, 5, 'K001_WR_0153.jpg'),
(954, 5, 'K001_WR_0154.jpg'),
(955, 5, 'K001_WR_0155.jpg'),
(956, 5, 'K001_WR_0156.jpg'),
(957, 5, 'K001_WR_0157.jpg'),
(958, 5, 'K001_WR_0158.jpg'),
(959, 5, 'K001_WR_0159.jpg'),
(960, 5, 'K001_WR_0160.jpg'),
(961, 5, 'K001_WR_0161.jpg'),
(962, 5, 'K001_WR_0162.jpg'),
(963, 5, 'K001_WR_0163.jpg'),
(964, 5, 'K001_WR_0164.jpg'),
(965, 5, 'K001_WR_0165.jpg'),
(966, 5, 'K001_WR_0166.jpg'),
(967, 5, 'K001_WR_0167.jpg'),
(968, 5, 'K001_WR_0168.jpg'),
(969, 5, 'K001_WR_0169.jpg'),
(970, 5, 'K001_WR_0170.jpg'),
(971, 5, 'K001_WR_0171.jpg'),
(972, 5, 'K001_WR_0172.jpg'),
(973, 5, 'K001_WR_0173.jpg'),
(974, 5, 'K001_WR_0174.jpg'),
(975, 5, 'K001_WR_0175.jpg'),
(976, 5, 'K001_WR_0176.jpg'),
(977, 5, 'K001_WR_0177.jpg'),
(978, 5, 'K001_WR_0178.jpg'),
(979, 5, 'K001_WR_0179.jpg'),
(980, 5, 'K001_WR_0180.jpg'),
(981, 5, 'K001_WR_0181.jpg'),
(982, 5, 'K001_WR_0182.jpg'),
(983, 5, 'K001_WR_0183.jpg'),
(984, 5, 'K001_WR_0184.jpg'),
(985, 5, 'K001_WR_0185.jpg'),
(986, 5, 'K001_WR_0186.jpg'),
(987, 5, 'K001_WR_0187.jpg'),
(988, 5, 'K001_WR_0188.jpg'),
(989, 5, 'K001_WR_0189.jpg'),
(990, 5, 'K001_WR_0190.jpg'),
(991, 5, 'K001_WR_0191.jpg'),
(992, 5, 'K001_WR_0192.jpg'),
(993, 5, 'K001_WR_0193.jpg'),
(994, 5, 'K001_WR_0194.jpg'),
(995, 5, 'K001_WR_0195.jpg'),
(996, 5, 'K001_WR_0196.jpg'),
(997, 5, 'K001_WR_0197.jpg'),
(998, 5, 'K001_WR_0198.jpg'),
(999, 5, 'K001_WR_0199.jpg'),
(1000, 5, 'K001_WR_0200.jpg'),
(1001, 6, 'K001_BW_0001.jpg'),
(1002, 6, 'K001_BW_0002.jpg'),
(1003, 6, 'K001_BW_0003.jpg'),
(1004, 6, 'K001_BW_0004.jpg'),
(1005, 6, 'K001_BW_0005.jpg'),
(1006, 6, 'K001_BW_0006.jpg'),
(1007, 6, 'K001_BW_0007.jpg'),
(1008, 6, 'K001_BW_0008.jpg'),
(1009, 6, 'K001_BW_0009.jpg'),
(1010, 6, 'K001_BW_0010.jpg'),
(1011, 6, 'K001_BW_0011.jpg'),
(1012, 6, 'K001_BW_0012.jpg'),
(1013, 6, 'K001_BW_0013.jpg'),
(1014, 6, 'K001_BW_0014.jpg'),
(1015, 6, 'K001_BW_0015.jpg'),
(1016, 6, 'K001_BW_0016.jpg'),
(1017, 6, 'K001_BW_0017.jpg'),
(1018, 6, 'K001_BW_0018.jpg'),
(1019, 6, 'K001_BW_0019.jpg'),
(1020, 6, 'K001_BW_0020.jpg'),
(1021, 6, 'K001_BW_0021.jpg'),
(1022, 6, 'K001_BW_0022.jpg'),
(1023, 6, 'K001_BW_0023.jpg'),
(1024, 6, 'K001_BW_0024.jpg'),
(1025, 6, 'K001_BW_0025.jpg'),
(1026, 6, 'K001_BW_0026.jpg'),
(1027, 6, 'K001_BW_0027.jpg'),
(1028, 6, 'K001_BW_0028.jpg'),
(1029, 6, 'K001_BW_0029.jpg'),
(1030, 6, 'K001_BW_0030.jpg'),
(1031, 6, 'K001_BW_0031.jpg'),
(1032, 6, 'K001_BW_0032.jpg'),
(1033, 6, 'K001_BW_0033.jpg'),
(1034, 6, 'K001_BW_0034.jpg'),
(1035, 6, 'K001_BW_0035.jpg'),
(1036, 6, 'K001_BW_0036.jpg'),
(1037, 6, 'K001_BW_0037.jpg'),
(1038, 6, 'K001_BW_0038.jpg'),
(1039, 6, 'K001_BW_0039.jpg'),
(1040, 6, 'K001_BW_0040.jpg'),
(1041, 6, 'K001_BW_0041.jpg'),
(1042, 6, 'K001_BW_0042.jpg'),
(1043, 6, 'K001_BW_0043.jpg'),
(1044, 6, 'K001_BW_0044.jpg'),
(1045, 6, 'K001_BW_0045.jpg'),
(1046, 6, 'K001_BW_0046.jpg'),
(1047, 6, 'K001_BW_0047.jpg'),
(1048, 6, 'K001_BW_0048.jpg'),
(1049, 6, 'K001_BW_0049.jpg'),
(1050, 6, 'K001_BW_0050.jpg'),
(1051, 6, 'K001_BW_0051.jpg'),
(1052, 6, 'K001_BW_0052.jpg'),
(1053, 6, 'K001_BW_0053.jpg'),
(1054, 6, 'K001_BW_0054.jpg'),
(1055, 6, 'K001_BW_0055.jpg'),
(1056, 6, 'K001_BW_0056.jpg'),
(1057, 6, 'K001_BW_0057.jpg'),
(1058, 6, 'K001_BW_0058.jpg'),
(1059, 6, 'K001_BW_0059.jpg'),
(1060, 6, 'K001_BW_0060.jpg'),
(1061, 6, 'K001_BW_0061.jpg'),
(1062, 6, 'K001_BW_0062.jpg'),
(1063, 6, 'K001_BW_0063.jpg'),
(1064, 6, 'K001_BW_0064.jpg'),
(1065, 6, 'K001_BW_0065.jpg'),
(1066, 6, 'K001_BW_0066.jpg'),
(1067, 6, 'K001_BW_0067.jpg'),
(1068, 6, 'K001_BW_0068.jpg'),
(1069, 6, 'K001_BW_0069.jpg'),
(1070, 6, 'K001_BW_0070.jpg'),
(1071, 6, 'K001_BW_0071.jpg'),
(1072, 6, 'K001_BW_0072.jpg'),
(1073, 6, 'K001_BW_0073.jpg'),
(1074, 6, 'K001_BW_0074.jpg'),
(1075, 6, 'K001_BW_0075.jpg'),
(1076, 6, 'K001_BW_0076.jpg'),
(1077, 6, 'K001_BW_0077.jpg'),
(1078, 6, 'K001_BW_0078.jpg'),
(1079, 6, 'K001_BW_0079.jpg'),
(1080, 6, 'K001_BW_0080.jpg'),
(1081, 6, 'K001_BW_0081.jpg'),
(1082, 6, 'K001_BW_0082.jpg'),
(1083, 6, 'K001_BW_0083.jpg'),
(1084, 6, 'K001_BW_0084.jpg'),
(1085, 6, 'K001_BW_0085.jpg'),
(1086, 6, 'K001_BW_0086.jpg'),
(1087, 6, 'K001_BW_0087.jpg'),
(1088, 6, 'K001_BW_0088.jpg'),
(1089, 6, 'K001_BW_0089.jpg'),
(1090, 6, 'K001_BW_0090.jpg'),
(1091, 6, 'K001_BW_0091.jpg'),
(1092, 6, 'K001_BW_0092.jpg'),
(1093, 6, 'K001_BW_0093.jpg'),
(1094, 6, 'K001_BW_0094.jpg'),
(1095, 6, 'K001_BW_0095.jpg'),
(1096, 6, 'K001_BW_0096.jpg'),
(1097, 6, 'K001_BW_0097.jpg'),
(1098, 6, 'K001_BW_0098.jpg'),
(1099, 6, 'K001_BW_0099.jpg'),
(1100, 6, 'K001_BW_0100.jpg'),
(1101, 6, 'K001_BW_0101.jpg'),
(1102, 6, 'K001_BW_0102.jpg'),
(1103, 6, 'K001_BW_0103.jpg'),
(1104, 6, 'K001_BW_0104.jpg'),
(1105, 6, 'K001_BW_0105.jpg'),
(1106, 6, 'K001_BW_0106.jpg'),
(1107, 6, 'K001_BW_0107.jpg'),
(1108, 6, 'K001_BW_0108.jpg'),
(1109, 6, 'K001_BW_0109.jpg'),
(1110, 6, 'K001_BW_0110.jpg'),
(1111, 6, 'K001_BW_0111.jpg'),
(1112, 6, 'K001_BW_0112.jpg'),
(1113, 6, 'K001_BW_0113.jpg'),
(1114, 6, 'K001_BW_0114.jpg'),
(1115, 6, 'K001_BW_0115.jpg'),
(1116, 6, 'K001_BW_0116.jpg'),
(1117, 6, 'K001_BW_0117.jpg'),
(1118, 6, 'K001_BW_0118.jpg'),
(1119, 6, 'K001_BW_0119.jpg'),
(1120, 6, 'K001_BW_0120.jpg'),
(1121, 6, 'K001_BW_0121.jpg'),
(1122, 6, 'K001_BW_0122.jpg'),
(1123, 6, 'K001_BW_0123.jpg'),
(1124, 6, 'K001_BW_0124.jpg'),
(1125, 6, 'K001_BW_0125.jpg'),
(1126, 6, 'K001_BW_0126.jpg'),
(1127, 6, 'K001_BW_0127.jpg'),
(1128, 6, 'K001_BW_0128.jpg'),
(1129, 6, 'K001_BW_0129.jpg'),
(1130, 6, 'K001_BW_0130.jpg'),
(1131, 6, 'K001_BW_0131.jpg'),
(1132, 6, 'K001_BW_0132.jpg'),
(1133, 6, 'K001_BW_0133.jpg'),
(1134, 6, 'K001_BW_0134.jpg'),
(1135, 6, 'K001_BW_0135.jpg'),
(1136, 6, 'K001_BW_0136.jpg'),
(1137, 6, 'K001_BW_0137.jpg'),
(1138, 6, 'K001_BW_0138.jpg'),
(1139, 6, 'K001_BW_0139.jpg'),
(1140, 6, 'K001_BW_0140.jpg'),
(1141, 6, 'K001_BW_0141.jpg'),
(1142, 6, 'K001_BW_0142.jpg'),
(1143, 6, 'K001_BW_0143.jpg'),
(1144, 6, 'K001_BW_0144.jpg'),
(1145, 6, 'K001_BW_0145.jpg'),
(1146, 6, 'K001_BW_0146.jpg'),
(1147, 6, 'K001_BW_0147.jpg'),
(1148, 6, 'K001_BW_0148.jpg'),
(1149, 6, 'K001_BW_0149.jpg'),
(1150, 6, 'K001_BW_0150.jpg'),
(1151, 6, 'K001_BW_0151.jpg'),
(1152, 6, 'K001_BW_0152.jpg'),
(1153, 6, 'K001_BW_0153.jpg'),
(1154, 6, 'K001_BW_0154.jpg'),
(1155, 6, 'K001_BW_0155.jpg'),
(1156, 6, 'K001_BW_0156.jpg'),
(1157, 6, 'K001_BW_0157.jpg'),
(1158, 6, 'K001_BW_0158.jpg'),
(1159, 6, 'K001_BW_0159.jpg'),
(1160, 6, 'K001_BW_0160.jpg'),
(1161, 6, 'K001_BW_0161.jpg'),
(1162, 6, 'K001_BW_0162.jpg'),
(1163, 6, 'K001_BW_0163.jpg'),
(1164, 6, 'K001_BW_0164.jpg'),
(1165, 6, 'K001_BW_0165.jpg'),
(1166, 6, 'K001_BW_0166.jpg'),
(1167, 6, 'K001_BW_0167.jpg'),
(1168, 6, 'K001_BW_0168.jpg'),
(1169, 6, 'K001_BW_0169.jpg'),
(1170, 6, 'K001_BW_0170.jpg'),
(1171, 6, 'K001_BW_0171.jpg'),
(1172, 6, 'K001_BW_0172.jpg'),
(1173, 6, 'K001_BW_0173.jpg'),
(1174, 6, 'K001_BW_0174.jpg'),
(1175, 6, 'K001_BW_0175.jpg'),
(1176, 6, 'K001_BW_0176.jpg'),
(1177, 6, 'K001_BW_0177.jpg'),
(1178, 6, 'K001_BW_0178.jpg'),
(1179, 6, 'K001_BW_0179.jpg'),
(1180, 6, 'K001_BW_0180.jpg'),
(1181, 6, 'K001_BW_0181.jpg'),
(1182, 6, 'K001_BW_0182.jpg'),
(1183, 6, 'K001_BW_0183.jpg'),
(1184, 6, 'K001_BW_0184.jpg'),
(1185, 6, 'K001_BW_0185.jpg'),
(1186, 6, 'K001_BW_0186.jpg'),
(1187, 6, 'K001_BW_0187.jpg'),
(1188, 6, 'K001_BW_0188.jpg'),
(1189, 6, 'K001_BW_0189.jpg'),
(1190, 6, 'K001_BW_0190.jpg'),
(1191, 6, 'K001_BW_0191.jpg'),
(1192, 6, 'K001_BW_0192.jpg'),
(1193, 6, 'K001_BW_0193.jpg'),
(1194, 6, 'K001_BW_0194.jpg'),
(1195, 6, 'K001_BW_0195.jpg'),
(1196, 6, 'K001_BW_0196.jpg'),
(1197, 6, 'K001_BW_0197.jpg'),
(1198, 6, 'K001_BW_0198.jpg'),
(1199, 6, 'K001_BW_0199.jpg'),
(1200, 6, 'K001_BW_0200.jpg'),
(1201, 7, 'K001_BB_0001.jpg'),
(1202, 7, 'K001_BB_0002.jpg'),
(1203, 7, 'K001_BB_0003.jpg'),
(1204, 7, 'K001_BB_0004.jpg'),
(1205, 7, 'K001_BB_0005.jpg'),
(1206, 7, 'K001_BB_0006.jpg'),
(1207, 7, 'K001_BB_0007.jpg'),
(1208, 7, 'K001_BB_0008.jpg'),
(1209, 7, 'K001_BB_0009.jpg'),
(1210, 7, 'K001_BB_0010.jpg'),
(1211, 7, 'K001_BB_0011.jpg'),
(1212, 7, 'K001_BB_0012.jpg'),
(1213, 7, 'K001_BB_0013.jpg'),
(1214, 7, 'K001_BB_0014.jpg'),
(1215, 7, 'K001_BB_0015.jpg'),
(1216, 7, 'K001_BB_0016.jpg'),
(1217, 7, 'K001_BB_0017.jpg'),
(1218, 7, 'K001_BB_0018.jpg'),
(1219, 7, 'K001_BB_0019.jpg'),
(1220, 7, 'K001_BB_0020.jpg'),
(1221, 7, 'K001_BB_0021.jpg'),
(1222, 7, 'K001_BB_0022.jpg'),
(1223, 7, 'K001_BB_0023.jpg'),
(1224, 7, 'K001_BB_0024.jpg'),
(1225, 7, 'K001_BB_0025.jpg'),
(1226, 7, 'K001_BB_0026.jpg'),
(1227, 7, 'K001_BB_0027.jpg'),
(1228, 7, 'K001_BB_0028.jpg'),
(1229, 7, 'K001_BB_0029.jpg'),
(1230, 7, 'K001_BB_0030.jpg'),
(1231, 7, 'K001_BB_0031.jpg'),
(1232, 7, 'K001_BB_0032.jpg'),
(1233, 7, 'K001_BB_0033.jpg'),
(1234, 7, 'K001_BB_0034.jpg'),
(1235, 7, 'K001_BB_0035.jpg'),
(1236, 7, 'K001_BB_0036.jpg'),
(1237, 7, 'K001_BB_0037.jpg'),
(1238, 7, 'K001_BB_0038.jpg'),
(1239, 7, 'K001_BB_0039.jpg'),
(1240, 7, 'K001_BB_0040.jpg'),
(1241, 7, 'K001_BB_0041.jpg'),
(1242, 7, 'K001_BB_0042.jpg'),
(1243, 7, 'K001_BB_0043.jpg'),
(1244, 7, 'K001_BB_0044.jpg'),
(1245, 7, 'K001_BB_0045.jpg'),
(1246, 7, 'K001_BB_0046.jpg'),
(1247, 7, 'K001_BB_0047.jpg'),
(1248, 7, 'K001_BB_0048.jpg'),
(1249, 7, 'K001_BB_0049.jpg'),
(1250, 7, 'K001_BB_0050.jpg'),
(1251, 7, 'K001_BB_0051.jpg'),
(1252, 7, 'K001_BB_0052.jpg'),
(1253, 7, 'K001_BB_0053.jpg'),
(1254, 7, 'K001_BB_0054.jpg'),
(1255, 7, 'K001_BB_0055.jpg'),
(1256, 7, 'K001_BB_0056.jpg'),
(1257, 7, 'K001_BB_0057.jpg'),
(1258, 7, 'K001_BB_0058.jpg'),
(1259, 7, 'K001_BB_0059.jpg'),
(1260, 7, 'K001_BB_0060.jpg'),
(1261, 7, 'K001_BB_0061.jpg'),
(1262, 7, 'K001_BB_0062.jpg'),
(1263, 7, 'K001_BB_0063.jpg'),
(1264, 7, 'K001_BB_0064.jpg'),
(1265, 7, 'K001_BB_0065.jpg'),
(1266, 7, 'K001_BB_0066.jpg'),
(1267, 7, 'K001_BB_0067.jpg'),
(1268, 7, 'K001_BB_0068.jpg'),
(1269, 7, 'K001_BB_0069.jpg'),
(1270, 7, 'K001_BB_0070.jpg'),
(1271, 7, 'K001_BB_0071.jpg'),
(1272, 7, 'K001_BB_0072.jpg'),
(1273, 7, 'K001_BB_0073.jpg'),
(1274, 7, 'K001_BB_0074.jpg'),
(1275, 7, 'K001_BB_0075.jpg'),
(1276, 7, 'K001_BB_0076.jpg'),
(1277, 7, 'K001_BB_0077.jpg'),
(1278, 7, 'K001_BB_0078.jpg'),
(1279, 7, 'K001_BB_0079.jpg'),
(1280, 7, 'K001_BB_0080.jpg'),
(1281, 7, 'K001_BB_0081.jpg'),
(1282, 7, 'K001_BB_0082.jpg'),
(1283, 7, 'K001_BB_0083.jpg'),
(1284, 7, 'K001_BB_0084.jpg'),
(1285, 7, 'K001_BB_0085.jpg'),
(1286, 7, 'K001_BB_0086.jpg'),
(1287, 7, 'K001_BB_0087.jpg'),
(1288, 7, 'K001_BB_0088.jpg'),
(1289, 7, 'K001_BB_0089.jpg'),
(1290, 7, 'K001_BB_0090.jpg'),
(1291, 7, 'K001_BB_0091.jpg'),
(1292, 7, 'K001_BB_0092.jpg'),
(1293, 7, 'K001_BB_0093.jpg'),
(1294, 7, 'K001_BB_0094.jpg'),
(1295, 7, 'K001_BB_0095.jpg'),
(1296, 7, 'K001_BB_0096.jpg'),
(1297, 7, 'K001_BB_0097.jpg'),
(1298, 7, 'K001_BB_0098.jpg'),
(1299, 7, 'K001_BB_0099.jpg'),
(1300, 7, 'K001_BB_0100.jpg'),
(1301, 7, 'K001_BB_0101.jpg'),
(1302, 7, 'K001_BB_0102.jpg'),
(1303, 7, 'K001_BB_0103.jpg'),
(1304, 7, 'K001_BB_0104.jpg'),
(1305, 7, 'K001_BB_0105.jpg'),
(1306, 7, 'K001_BB_0106.jpg'),
(1307, 7, 'K001_BB_0107.jpg'),
(1308, 7, 'K001_BB_0108.jpg'),
(1309, 7, 'K001_BB_0109.jpg'),
(1310, 7, 'K001_BB_0110.jpg'),
(1311, 7, 'K001_BB_0111.jpg'),
(1312, 7, 'K001_BB_0112.jpg'),
(1313, 7, 'K001_BB_0113.jpg'),
(1314, 7, 'K001_BB_0114.jpg'),
(1315, 7, 'K001_BB_0115.jpg'),
(1316, 7, 'K001_BB_0116.jpg'),
(1317, 7, 'K001_BB_0117.jpg'),
(1318, 7, 'K001_BB_0118.jpg'),
(1319, 7, 'K001_BB_0119.jpg'),
(1320, 7, 'K001_BB_0120.jpg'),
(1321, 7, 'K001_BB_0121.jpg'),
(1322, 7, 'K001_BB_0122.jpg'),
(1323, 7, 'K001_BB_0123.jpg'),
(1324, 7, 'K001_BB_0124.jpg'),
(1325, 7, 'K001_BB_0125.jpg'),
(1326, 7, 'K001_BB_0126.jpg'),
(1327, 7, 'K001_BB_0127.jpg'),
(1328, 7, 'K001_BB_0128.jpg'),
(1329, 7, 'K001_BB_0129.jpg'),
(1330, 7, 'K001_BB_0130.jpg'),
(1331, 7, 'K001_BB_0131.jpg'),
(1332, 7, 'K001_BB_0132.jpg'),
(1333, 7, 'K001_BB_0133.jpg'),
(1334, 7, 'K001_BB_0134.jpg'),
(1335, 7, 'K001_BB_0135.jpg'),
(1336, 7, 'K001_BB_0136.jpg'),
(1337, 7, 'K001_BB_0137.jpg'),
(1338, 7, 'K001_BB_0138.jpg'),
(1339, 7, 'K001_BB_0139.jpg'),
(1340, 7, 'K001_BB_0140.jpg'),
(1341, 7, 'K001_BB_0141.jpg'),
(1342, 7, 'K001_BB_0142.jpg'),
(1343, 7, 'K001_BB_0143.jpg'),
(1344, 7, 'K001_BB_0144.jpg'),
(1345, 7, 'K001_BB_0145.jpg'),
(1346, 7, 'K001_BB_0146.jpg'),
(1347, 7, 'K001_BB_0147.jpg'),
(1348, 7, 'K001_BB_0148.jpg'),
(1349, 7, 'K001_BB_0149.jpg'),
(1350, 7, 'K001_BB_0150.jpg'),
(1351, 7, 'K001_BB_0151.jpg'),
(1352, 7, 'K001_BB_0152.jpg'),
(1353, 7, 'K001_BB_0153.jpg'),
(1354, 7, 'K001_BB_0154.jpg'),
(1355, 7, 'K001_BB_0155.jpg'),
(1356, 7, 'K001_BB_0156.jpg'),
(1357, 7, 'K001_BB_0157.jpg'),
(1358, 7, 'K001_BB_0158.jpg'),
(1359, 7, 'K001_BB_0159.jpg'),
(1360, 7, 'K001_BB_0160.jpg'),
(1361, 7, 'K001_BB_0161.jpg'),
(1362, 7, 'K001_BB_0162.jpg'),
(1363, 7, 'K001_BB_0163.jpg'),
(1364, 7, 'K001_BB_0164.jpg'),
(1365, 7, 'K001_BB_0165.jpg'),
(1366, 7, 'K001_BB_0166.jpg'),
(1367, 7, 'K001_BB_0167.jpg'),
(1368, 7, 'K001_BB_0168.jpg'),
(1369, 7, 'K001_BB_0169.jpg'),
(1370, 7, 'K001_BB_0170.jpg'),
(1371, 7, 'K001_BB_0171.jpg'),
(1372, 7, 'K001_BB_0172.jpg'),
(1373, 7, 'K001_BB_0173.jpg'),
(1374, 7, 'K001_BB_0174.jpg'),
(1375, 7, 'K001_BB_0175.jpg'),
(1376, 7, 'K001_BB_0176.jpg'),
(1377, 7, 'K001_BB_0177.jpg'),
(1378, 7, 'K001_BB_0178.jpg'),
(1379, 7, 'K001_BB_0179.jpg'),
(1380, 7, 'K001_BB_0180.jpg'),
(1381, 7, 'K001_BB_0181.jpg'),
(1382, 7, 'K001_BB_0182.jpg'),
(1383, 7, 'K001_BB_0183.jpg'),
(1384, 7, 'K001_BB_0184.jpg'),
(1385, 7, 'K001_BB_0185.jpg'),
(1386, 7, 'K001_BB_0186.jpg'),
(1387, 7, 'K001_BB_0187.jpg'),
(1388, 7, 'K001_BB_0188.jpg'),
(1389, 7, 'K001_BB_0189.jpg'),
(1390, 7, 'K001_BB_0190.jpg'),
(1391, 7, 'K001_BB_0191.jpg'),
(1392, 7, 'K001_BB_0192.jpg'),
(1393, 7, 'K001_BB_0193.jpg'),
(1394, 7, 'K001_BB_0194.jpg'),
(1395, 7, 'K001_BB_0195.jpg'),
(1396, 7, 'K001_BB_0196.jpg'),
(1397, 7, 'K001_BB_0197.jpg'),
(1398, 7, 'K001_BB_0198.jpg'),
(1399, 7, 'K001_BB_0199.jpg'),
(1400, 7, 'K001_BB_0200.jpg'),
(1401, 8, 'K001_BM_0001.jpg'),
(1402, 8, 'K001_BM_0002.jpg'),
(1403, 8, 'K001_BM_0003.jpg'),
(1404, 8, 'K001_BM_0004.jpg'),
(1405, 8, 'K001_BM_0005.jpg'),
(1406, 8, 'K001_BM_0006.jpg'),
(1407, 8, 'K001_BM_0007.jpg'),
(1408, 8, 'K001_BM_0008.jpg'),
(1409, 8, 'K001_BM_0009.jpg'),
(1410, 8, 'K001_BM_0010.jpg'),
(1411, 8, 'K001_BM_0011.jpg'),
(1412, 8, 'K001_BM_0012.jpg'),
(1413, 8, 'K001_BM_0013.jpg'),
(1414, 8, 'K001_BM_0014.jpg'),
(1415, 8, 'K001_BM_0015.jpg'),
(1416, 8, 'K001_BM_0016.jpg'),
(1417, 8, 'K001_BM_0017.jpg'),
(1418, 8, 'K001_BM_0018.jpg'),
(1419, 8, 'K001_BM_0019.jpg'),
(1420, 8, 'K001_BM_0020.jpg'),
(1421, 8, 'K001_BM_0021.jpg'),
(1422, 8, 'K001_BM_0022.jpg'),
(1423, 8, 'K001_BM_0023.jpg'),
(1424, 8, 'K001_BM_0024.jpg'),
(1425, 8, 'K001_BM_0025.jpg'),
(1426, 8, 'K001_BM_0026.jpg'),
(1427, 8, 'K001_BM_0027.jpg'),
(1428, 8, 'K001_BM_0028.jpg'),
(1429, 8, 'K001_BM_0029.jpg'),
(1430, 8, 'K001_BM_0030.jpg'),
(1431, 8, 'K001_BM_0031.jpg'),
(1432, 8, 'K001_BM_0032.jpg'),
(1433, 8, 'K001_BM_0033.jpg'),
(1434, 8, 'K001_BM_0034.jpg'),
(1435, 8, 'K001_BM_0035.jpg'),
(1436, 8, 'K001_BM_0036.jpg'),
(1437, 8, 'K001_BM_0037.jpg'),
(1438, 8, 'K001_BM_0038.jpg'),
(1439, 8, 'K001_BM_0039.jpg'),
(1440, 8, 'K001_BM_0040.jpg'),
(1441, 8, 'K001_BM_0041.jpg'),
(1442, 8, 'K001_BM_0042.jpg'),
(1443, 8, 'K001_BM_0043.jpg'),
(1444, 8, 'K001_BM_0044.jpg'),
(1445, 8, 'K001_BM_0045.jpg'),
(1446, 8, 'K001_BM_0046.jpg'),
(1447, 8, 'K001_BM_0047.jpg'),
(1448, 8, 'K001_BM_0048.jpg'),
(1449, 8, 'K001_BM_0049.jpg'),
(1450, 8, 'K001_BM_0050.jpg'),
(1451, 8, 'K001_BM_0051.jpg'),
(1452, 8, 'K001_BM_0052.jpg'),
(1453, 8, 'K001_BM_0053.jpg'),
(1454, 8, 'K001_BM_0054.jpg'),
(1455, 8, 'K001_BM_0055.jpg'),
(1456, 8, 'K001_BM_0056.jpg'),
(1457, 8, 'K001_BM_0057.jpg'),
(1458, 8, 'K001_BM_0058.jpg'),
(1459, 8, 'K001_BM_0059.jpg'),
(1460, 8, 'K001_BM_0060.jpg'),
(1461, 8, 'K001_BM_0061.jpg'),
(1462, 8, 'K001_BM_0062.jpg'),
(1463, 8, 'K001_BM_0063.jpg'),
(1464, 8, 'K001_BM_0064.jpg'),
(1465, 8, 'K001_BM_0065.jpg'),
(1466, 8, 'K001_BM_0066.jpg'),
(1467, 8, 'K001_BM_0067.jpg'),
(1468, 8, 'K001_BM_0068.jpg'),
(1469, 8, 'K001_BM_0069.jpg'),
(1470, 8, 'K001_BM_0070.jpg'),
(1471, 8, 'K001_BM_0071.jpg'),
(1472, 8, 'K001_BM_0072.jpg'),
(1473, 8, 'K001_BM_0073.jpg'),
(1474, 8, 'K001_BM_0074.jpg'),
(1475, 8, 'K001_BM_0075.jpg'),
(1476, 8, 'K001_BM_0076.jpg'),
(1477, 8, 'K001_BM_0077.jpg'),
(1478, 8, 'K001_BM_0078.jpg'),
(1479, 8, 'K001_BM_0079.jpg'),
(1480, 8, 'K001_BM_0080.jpg'),
(1481, 8, 'K001_BM_0081.jpg'),
(1482, 8, 'K001_BM_0082.jpg'),
(1483, 8, 'K001_BM_0083.jpg'),
(1484, 8, 'K001_BM_0084.jpg'),
(1485, 8, 'K001_BM_0085.jpg'),
(1486, 8, 'K001_BM_0086.jpg'),
(1487, 8, 'K001_BM_0087.jpg'),
(1488, 8, 'K001_BM_0088.jpg'),
(1489, 8, 'K001_BM_0089.jpg'),
(1490, 8, 'K001_BM_0090.jpg'),
(1491, 8, 'K001_BM_0091.jpg'),
(1492, 8, 'K001_BM_0092.jpg'),
(1493, 8, 'K001_BM_0093.jpg'),
(1494, 8, 'K001_BM_0094.jpg'),
(1495, 8, 'K001_BM_0095.jpg'),
(1496, 8, 'K001_BM_0096.jpg'),
(1497, 8, 'K001_BM_0097.jpg'),
(1498, 8, 'K001_BM_0098.jpg'),
(1499, 8, 'K001_BM_0099.jpg'),
(1500, 8, 'K001_BM_0100.jpg'),
(1501, 8, 'K001_BM_0101.jpg'),
(1502, 8, 'K001_BM_0102.jpg'),
(1503, 8, 'K001_BM_0103.jpg'),
(1504, 8, 'K001_BM_0104.jpg'),
(1505, 8, 'K001_BM_0105.jpg'),
(1506, 8, 'K001_BM_0106.jpg'),
(1507, 8, 'K001_BM_0107.jpg'),
(1508, 8, 'K001_BM_0108.jpg'),
(1509, 8, 'K001_BM_0109.jpg'),
(1510, 8, 'K001_BM_0110.jpg'),
(1511, 8, 'K001_BM_0111.jpg'),
(1512, 8, 'K001_BM_0112.jpg'),
(1513, 8, 'K001_BM_0113.jpg'),
(1514, 8, 'K001_BM_0114.jpg'),
(1515, 8, 'K001_BM_0115.jpg'),
(1516, 8, 'K001_BM_0116.jpg'),
(1517, 8, 'K001_BM_0117.jpg'),
(1518, 8, 'K001_BM_0118.jpg'),
(1519, 8, 'K001_BM_0119.jpg'),
(1520, 8, 'K001_BM_0120.jpg'),
(1521, 8, 'K001_BM_0121.jpg'),
(1522, 8, 'K001_BM_0122.jpg'),
(1523, 8, 'K001_BM_0123.jpg'),
(1524, 8, 'K001_BM_0124.jpg'),
(1525, 8, 'K001_BM_0125.jpg'),
(1526, 8, 'K001_BM_0126.jpg'),
(1527, 8, 'K001_BM_0127.jpg'),
(1528, 8, 'K001_BM_0128.jpg'),
(1529, 8, 'K001_BM_0129.jpg'),
(1530, 8, 'K001_BM_0130.jpg'),
(1531, 8, 'K001_BM_0131.jpg'),
(1532, 8, 'K001_BM_0132.jpg'),
(1533, 8, 'K001_BM_0133.jpg'),
(1534, 8, 'K001_BM_0134.jpg'),
(1535, 8, 'K001_BM_0135.jpg'),
(1536, 8, 'K001_BM_0136.jpg'),
(1537, 8, 'K001_BM_0137.jpg'),
(1538, 8, 'K001_BM_0138.jpg'),
(1539, 8, 'K001_BM_0139.jpg'),
(1540, 8, 'K001_BM_0140.jpg'),
(1541, 8, 'K001_BM_0141.jpg'),
(1542, 8, 'K001_BM_0142.jpg'),
(1543, 8, 'K001_BM_0143.jpg'),
(1544, 8, 'K001_BM_0144.jpg'),
(1545, 8, 'K001_BM_0145.jpg'),
(1546, 8, 'K001_BM_0146.jpg'),
(1547, 8, 'K001_BM_0147.jpg'),
(1548, 8, 'K001_BM_0148.jpg'),
(1549, 8, 'K001_BM_0149.jpg'),
(1550, 8, 'K001_BM_0150.jpg'),
(1551, 8, 'K001_BM_0151.jpg'),
(1552, 8, 'K001_BM_0152.jpg'),
(1553, 8, 'K001_BM_0153.jpg'),
(1554, 8, 'K001_BM_0154.jpg'),
(1555, 8, 'K001_BM_0155.jpg'),
(1556, 8, 'K001_BM_0156.jpg'),
(1557, 8, 'K001_BM_0157.jpg'),
(1558, 8, 'K001_BM_0158.jpg'),
(1559, 8, 'K001_BM_0159.jpg'),
(1560, 8, 'K001_BM_0160.jpg'),
(1561, 8, 'K001_BM_0161.jpg'),
(1562, 8, 'K001_BM_0162.jpg'),
(1563, 8, 'K001_BM_0163.jpg'),
(1564, 8, 'K001_BM_0164.jpg'),
(1565, 8, 'K001_BM_0165.jpg'),
(1566, 8, 'K001_BM_0166.jpg'),
(1567, 8, 'K001_BM_0167.jpg'),
(1568, 8, 'K001_BM_0168.jpg'),
(1569, 8, 'K001_BM_0169.jpg'),
(1570, 8, 'K001_BM_0170.jpg'),
(1571, 8, 'K001_BM_0171.jpg'),
(1572, 8, 'K001_BM_0172.jpg'),
(1573, 8, 'K001_BM_0173.jpg'),
(1574, 8, 'K001_BM_0174.jpg'),
(1575, 8, 'K001_BM_0175.jpg'),
(1576, 8, 'K001_BM_0176.jpg'),
(1577, 8, 'K001_BM_0177.jpg'),
(1578, 8, 'K001_BM_0178.jpg'),
(1579, 8, 'K001_BM_0179.jpg'),
(1580, 8, 'K001_BM_0180.jpg'),
(1581, 8, 'K001_BM_0181.jpg'),
(1582, 8, 'K001_BM_0182.jpg'),
(1583, 8, 'K001_BM_0183.jpg'),
(1584, 8, 'K001_BM_0184.jpg'),
(1585, 8, 'K001_BM_0185.jpg'),
(1586, 8, 'K001_BM_0186.jpg'),
(1587, 8, 'K001_BM_0187.jpg'),
(1588, 8, 'K001_BM_0188.jpg'),
(1589, 8, 'K001_BM_0189.jpg'),
(1590, 8, 'K001_BM_0190.jpg'),
(1591, 8, 'K001_BM_0191.jpg'),
(1592, 8, 'K001_BM_0192.jpg'),
(1593, 8, 'K001_BM_0193.jpg'),
(1594, 8, 'K001_BM_0194.jpg'),
(1595, 8, 'K001_BM_0195.jpg'),
(1596, 8, 'K001_BM_0196.jpg'),
(1597, 8, 'K001_BM_0197.jpg'),
(1598, 8, 'K001_BM_0198.jpg'),
(1599, 8, 'K001_BM_0199.jpg'),
(1600, 8, 'K001_BM_0200.jpg'),
(1601, 9, 'K001_BC_0001.jpg'),
(1602, 9, 'K001_BC_0002.jpg'),
(1603, 9, 'K001_BC_0003.jpg'),
(1604, 9, 'K001_BC_0004.jpg'),
(1605, 9, 'K001_BC_0005.jpg'),
(1606, 9, 'K001_BC_0006.jpg'),
(1607, 9, 'K001_BC_0007.jpg'),
(1608, 9, 'K001_BC_0008.jpg'),
(1609, 9, 'K001_BC_0009.jpg'),
(1610, 9, 'K001_BC_0010.jpg'),
(1611, 9, 'K001_BC_0011.jpg'),
(1612, 9, 'K001_BC_0012.jpg'),
(1613, 9, 'K001_BC_0013.jpg'),
(1614, 9, 'K001_BC_0014.jpg'),
(1615, 9, 'K001_BC_0015.jpg'),
(1616, 9, 'K001_BC_0016.jpg'),
(1617, 9, 'K001_BC_0017.jpg'),
(1618, 9, 'K001_BC_0018.jpg'),
(1619, 9, 'K001_BC_0019.jpg'),
(1620, 9, 'K001_BC_0020.jpg'),
(1621, 9, 'K001_BC_0021.jpg'),
(1622, 9, 'K001_BC_0022.jpg'),
(1623, 9, 'K001_BC_0023.jpg'),
(1624, 9, 'K001_BC_0024.jpg'),
(1625, 9, 'K001_BC_0025.jpg'),
(1626, 9, 'K001_BC_0026.jpg'),
(1627, 9, 'K001_BC_0027.jpg'),
(1628, 9, 'K001_BC_0028.jpg'),
(1629, 9, 'K001_BC_0029.jpg'),
(1630, 9, 'K001_BC_0030.jpg'),
(1631, 9, 'K001_BC_0031.jpg'),
(1632, 9, 'K001_BC_0032.jpg'),
(1633, 9, 'K001_BC_0033.jpg'),
(1634, 9, 'K001_BC_0034.jpg'),
(1635, 9, 'K001_BC_0035.jpg'),
(1636, 9, 'K001_BC_0036.jpg'),
(1637, 9, 'K001_BC_0037.jpg'),
(1638, 9, 'K001_BC_0038.jpg'),
(1639, 9, 'K001_BC_0039.jpg'),
(1640, 9, 'K001_BC_0040.jpg'),
(1641, 9, 'K001_BC_0041.jpg'),
(1642, 9, 'K001_BC_0042.jpg'),
(1643, 9, 'K001_BC_0043.jpg'),
(1644, 9, 'K001_BC_0044.jpg'),
(1645, 9, 'K001_BC_0045.jpg'),
(1646, 9, 'K001_BC_0046.jpg'),
(1647, 9, 'K001_BC_0047.jpg'),
(1648, 9, 'K001_BC_0048.jpg'),
(1649, 9, 'K001_BC_0049.jpg'),
(1650, 9, 'K001_BC_0050.jpg'),
(1651, 9, 'K001_BC_0051.jpg'),
(1652, 9, 'K001_BC_0052.jpg'),
(1653, 9, 'K001_BC_0053.jpg'),
(1654, 9, 'K001_BC_0054.jpg'),
(1655, 9, 'K001_BC_0055.jpg'),
(1656, 9, 'K001_BC_0056.jpg'),
(1657, 9, 'K001_BC_0057.jpg'),
(1658, 9, 'K001_BC_0058.jpg'),
(1659, 9, 'K001_BC_0059.jpg'),
(1660, 9, 'K001_BC_0060.jpg'),
(1661, 9, 'K001_BC_0061.jpg'),
(1662, 9, 'K001_BC_0062.jpg'),
(1663, 9, 'K001_BC_0063.jpg'),
(1664, 9, 'K001_BC_0064.jpg'),
(1665, 9, 'K001_BC_0065.jpg'),
(1666, 9, 'K001_BC_0066.jpg'),
(1667, 9, 'K001_BC_0067.jpg'),
(1668, 9, 'K001_BC_0068.jpg'),
(1669, 9, 'K001_BC_0069.jpg'),
(1670, 9, 'K001_BC_0070.jpg'),
(1671, 9, 'K001_BC_0071.jpg'),
(1672, 9, 'K001_BC_0072.jpg'),
(1673, 9, 'K001_BC_0073.jpg'),
(1674, 9, 'K001_BC_0074.jpg'),
(1675, 9, 'K001_BC_0075.jpg'),
(1676, 9, 'K001_BC_0076.jpg'),
(1677, 9, 'K001_BC_0077.jpg'),
(1678, 9, 'K001_BC_0078.jpg'),
(1679, 9, 'K001_BC_0079.jpg'),
(1680, 9, 'K001_BC_0080.jpg'),
(1681, 9, 'K001_BC_0081.jpg'),
(1682, 9, 'K001_BC_0082.jpg'),
(1683, 9, 'K001_BC_0083.jpg'),
(1684, 9, 'K001_BC_0084.jpg'),
(1685, 9, 'K001_BC_0085.jpg'),
(1686, 9, 'K001_BC_0086.jpg'),
(1687, 9, 'K001_BC_0087.jpg'),
(1688, 9, 'K001_BC_0088.jpg'),
(1689, 9, 'K001_BC_0089.jpg'),
(1690, 9, 'K001_BC_0090.jpg'),
(1691, 9, 'K001_BC_0091.jpg'),
(1692, 9, 'K001_BC_0092.jpg'),
(1693, 9, 'K001_BC_0093.jpg'),
(1694, 9, 'K001_BC_0094.jpg'),
(1695, 9, 'K001_BC_0095.jpg'),
(1696, 9, 'K001_BC_0096.jpg'),
(1697, 9, 'K001_BC_0097.jpg'),
(1698, 9, 'K001_BC_0098.jpg'),
(1699, 9, 'K001_BC_0099.jpg'),
(1700, 9, 'K001_BC_0100.jpg'),
(1701, 9, 'K001_BC_0101.jpg'),
(1702, 9, 'K001_BC_0102.jpg'),
(1703, 9, 'K001_BC_0103.jpg'),
(1704, 9, 'K001_BC_0104.jpg'),
(1705, 9, 'K001_BC_0105.jpg'),
(1706, 9, 'K001_BC_0106.jpg'),
(1707, 9, 'K001_BC_0107.jpg'),
(1708, 9, 'K001_BC_0108.jpg'),
(1709, 9, 'K001_BC_0109.jpg'),
(1710, 9, 'K001_BC_0110.jpg'),
(1711, 9, 'K001_BC_0111.jpg'),
(1712, 9, 'K001_BC_0112.jpg'),
(1713, 9, 'K001_BC_0113.jpg'),
(1714, 9, 'K001_BC_0114.jpg'),
(1715, 9, 'K001_BC_0115.jpg'),
(1716, 9, 'K001_BC_0116.jpg'),
(1717, 9, 'K001_BC_0117.jpg'),
(1718, 9, 'K001_BC_0118.jpg'),
(1719, 9, 'K001_BC_0119.jpg'),
(1720, 9, 'K001_BC_0120.jpg'),
(1721, 9, 'K001_BC_0121.jpg'),
(1722, 9, 'K001_BC_0122.jpg'),
(1723, 9, 'K001_BC_0123.jpg'),
(1724, 9, 'K001_BC_0124.jpg'),
(1725, 9, 'K001_BC_0125.jpg'),
(1726, 9, 'K001_BC_0126.jpg'),
(1727, 9, 'K001_BC_0127.jpg'),
(1728, 9, 'K001_BC_0128.jpg'),
(1729, 9, 'K001_BC_0129.jpg'),
(1730, 9, 'K001_BC_0130.jpg'),
(1731, 9, 'K001_BC_0131.jpg'),
(1732, 9, 'K001_BC_0132.jpg'),
(1733, 9, 'K001_BC_0133.jpg'),
(1734, 9, 'K001_BC_0134.jpg'),
(1735, 9, 'K001_BC_0135.jpg'),
(1736, 9, 'K001_BC_0136.jpg'),
(1737, 9, 'K001_BC_0137.jpg'),
(1738, 9, 'K001_BC_0138.jpg'),
(1739, 9, 'K001_BC_0139.jpg'),
(1740, 9, 'K001_BC_0140.jpg'),
(1741, 9, 'K001_BC_0141.jpg'),
(1742, 9, 'K001_BC_0142.jpg'),
(1743, 9, 'K001_BC_0143.jpg'),
(1744, 9, 'K001_BC_0144.jpg'),
(1745, 9, 'K001_BC_0145.jpg'),
(1746, 9, 'K001_BC_0146.jpg'),
(1747, 9, 'K001_BC_0147.jpg'),
(1748, 9, 'K001_BC_0148.jpg'),
(1749, 9, 'K001_BC_0149.jpg'),
(1750, 9, 'K001_BC_0150.jpg'),
(1751, 9, 'K001_BC_0151.jpg'),
(1752, 9, 'K001_BC_0152.jpg'),
(1753, 9, 'K001_BC_0153.jpg'),
(1754, 9, 'K001_BC_0154.jpg'),
(1755, 9, 'K001_BC_0155.jpg'),
(1756, 9, 'K001_BC_0156.jpg'),
(1757, 9, 'K001_BC_0157.jpg'),
(1758, 9, 'K001_BC_0158.jpg'),
(1759, 9, 'K001_BC_0159.jpg');
INSERT INTO `component_set_media` (`id`, `component_set_id`, `image`) VALUES
(1760, 9, 'K001_BC_0160.jpg'),
(1761, 9, 'K001_BC_0161.jpg'),
(1762, 9, 'K001_BC_0162.jpg'),
(1763, 9, 'K001_BC_0163.jpg'),
(1764, 9, 'K001_BC_0164.jpg'),
(1765, 9, 'K001_BC_0165.jpg'),
(1766, 9, 'K001_BC_0166.jpg'),
(1767, 9, 'K001_BC_0167.jpg'),
(1768, 9, 'K001_BC_0168.jpg'),
(1769, 9, 'K001_BC_0169.jpg'),
(1770, 9, 'K001_BC_0170.jpg'),
(1771, 9, 'K001_BC_0171.jpg'),
(1772, 9, 'K001_BC_0172.jpg'),
(1773, 9, 'K001_BC_0173.jpg'),
(1774, 9, 'K001_BC_0174.jpg'),
(1775, 9, 'K001_BC_0175.jpg'),
(1776, 9, 'K001_BC_0176.jpg'),
(1777, 9, 'K001_BC_0177.jpg'),
(1778, 9, 'K001_BC_0178.jpg'),
(1779, 9, 'K001_BC_0179.jpg'),
(1780, 9, 'K001_BC_0180.jpg'),
(1781, 9, 'K001_BC_0181.jpg'),
(1782, 9, 'K001_BC_0182.jpg'),
(1783, 9, 'K001_BC_0183.jpg'),
(1784, 9, 'K001_BC_0184.jpg'),
(1785, 9, 'K001_BC_0185.jpg'),
(1786, 9, 'K001_BC_0186.jpg'),
(1787, 9, 'K001_BC_0187.jpg'),
(1788, 9, 'K001_BC_0188.jpg'),
(1789, 9, 'K001_BC_0189.jpg'),
(1790, 9, 'K001_BC_0190.jpg'),
(1791, 9, 'K001_BC_0191.jpg'),
(1792, 9, 'K001_BC_0192.jpg'),
(1793, 9, 'K001_BC_0193.jpg'),
(1794, 9, 'K001_BC_0194.jpg'),
(1795, 9, 'K001_BC_0195.jpg'),
(1796, 9, 'K001_BC_0196.jpg'),
(1797, 9, 'K001_BC_0197.jpg'),
(1798, 9, 'K001_BC_0198.jpg'),
(1799, 9, 'K001_BC_0199.jpg'),
(1800, 9, 'K001_BC_0200.jpg'),
(1801, 10, 'K001_BR_0001.jpg'),
(1802, 10, 'K001_BR_0002.jpg'),
(1803, 10, 'K001_BR_0003.jpg'),
(1804, 10, 'K001_BR_0004.jpg'),
(1805, 10, 'K001_BR_0005.jpg'),
(1806, 10, 'K001_BR_0006.jpg'),
(1807, 10, 'K001_BR_0007.jpg'),
(1808, 10, 'K001_BR_0008.jpg'),
(1809, 10, 'K001_BR_0009.jpg'),
(1810, 10, 'K001_BR_0010.jpg'),
(1811, 10, 'K001_BR_0011.jpg'),
(1812, 10, 'K001_BR_0012.jpg'),
(1813, 10, 'K001_BR_0013.jpg'),
(1814, 10, 'K001_BR_0014.jpg'),
(1815, 10, 'K001_BR_0015.jpg'),
(1816, 10, 'K001_BR_0016.jpg'),
(1817, 10, 'K001_BR_0017.jpg'),
(1818, 10, 'K001_BR_0018.jpg'),
(1819, 10, 'K001_BR_0019.jpg'),
(1820, 10, 'K001_BR_0020.jpg'),
(1821, 10, 'K001_BR_0021.jpg'),
(1822, 10, 'K001_BR_0022.jpg'),
(1823, 10, 'K001_BR_0023.jpg'),
(1824, 10, 'K001_BR_0024.jpg'),
(1825, 10, 'K001_BR_0025.jpg'),
(1826, 10, 'K001_BR_0026.jpg'),
(1827, 10, 'K001_BR_0027.jpg'),
(1828, 10, 'K001_BR_0028.jpg'),
(1829, 10, 'K001_BR_0029.jpg'),
(1830, 10, 'K001_BR_0030.jpg'),
(1831, 10, 'K001_BR_0031.jpg'),
(1832, 10, 'K001_BR_0032.jpg'),
(1833, 10, 'K001_BR_0033.jpg'),
(1834, 10, 'K001_BR_0034.jpg'),
(1835, 10, 'K001_BR_0035.jpg'),
(1836, 10, 'K001_BR_0036.jpg'),
(1837, 10, 'K001_BR_0037.jpg'),
(1838, 10, 'K001_BR_0038.jpg'),
(1839, 10, 'K001_BR_0039.jpg'),
(1840, 10, 'K001_BR_0040.jpg'),
(1841, 10, 'K001_BR_0041.jpg'),
(1842, 10, 'K001_BR_0042.jpg'),
(1843, 10, 'K001_BR_0043.jpg'),
(1844, 10, 'K001_BR_0044.jpg'),
(1845, 10, 'K001_BR_0045.jpg'),
(1846, 10, 'K001_BR_0046.jpg'),
(1847, 10, 'K001_BR_0047.jpg'),
(1848, 10, 'K001_BR_0048.jpg'),
(1849, 10, 'K001_BR_0049.jpg'),
(1850, 10, 'K001_BR_0050.jpg'),
(1851, 10, 'K001_BR_0051.jpg'),
(1852, 10, 'K001_BR_0052.jpg'),
(1853, 10, 'K001_BR_0053.jpg'),
(1854, 10, 'K001_BR_0054.jpg'),
(1855, 10, 'K001_BR_0055.jpg'),
(1856, 10, 'K001_BR_0056.jpg'),
(1857, 10, 'K001_BR_0057.jpg'),
(1858, 10, 'K001_BR_0058.jpg'),
(1859, 10, 'K001_BR_0059.jpg'),
(1860, 10, 'K001_BR_0060.jpg'),
(1861, 10, 'K001_BR_0061.jpg'),
(1862, 10, 'K001_BR_0062.jpg'),
(1863, 10, 'K001_BR_0063.jpg'),
(1864, 10, 'K001_BR_0064.jpg'),
(1865, 10, 'K001_BR_0065.jpg'),
(1866, 10, 'K001_BR_0066.jpg'),
(1867, 10, 'K001_BR_0067.jpg'),
(1868, 10, 'K001_BR_0068.jpg'),
(1869, 10, 'K001_BR_0069.jpg'),
(1870, 10, 'K001_BR_0070.jpg'),
(1871, 10, 'K001_BR_0071.jpg'),
(1872, 10, 'K001_BR_0072.jpg'),
(1873, 10, 'K001_BR_0073.jpg'),
(1874, 10, 'K001_BR_0074.jpg'),
(1875, 10, 'K001_BR_0075.jpg'),
(1876, 10, 'K001_BR_0076.jpg'),
(1877, 10, 'K001_BR_0077.jpg'),
(1878, 10, 'K001_BR_0078.jpg'),
(1879, 10, 'K001_BR_0079.jpg'),
(1880, 10, 'K001_BR_0080.jpg'),
(1881, 10, 'K001_BR_0081.jpg'),
(1882, 10, 'K001_BR_0082.jpg'),
(1883, 10, 'K001_BR_0083.jpg'),
(1884, 10, 'K001_BR_0084.jpg'),
(1885, 10, 'K001_BR_0085.jpg'),
(1886, 10, 'K001_BR_0086.jpg'),
(1887, 10, 'K001_BR_0087.jpg'),
(1888, 10, 'K001_BR_0088.jpg'),
(1889, 10, 'K001_BR_0089.jpg'),
(1890, 10, 'K001_BR_0090.jpg'),
(1891, 10, 'K001_BR_0091.jpg'),
(1892, 10, 'K001_BR_0092.jpg'),
(1893, 10, 'K001_BR_0093.jpg'),
(1894, 10, 'K001_BR_0094.jpg'),
(1895, 10, 'K001_BR_0095.jpg'),
(1896, 10, 'K001_BR_0096.jpg'),
(1897, 10, 'K001_BR_0097.jpg'),
(1898, 10, 'K001_BR_0098.jpg'),
(1899, 10, 'K001_BR_0099.jpg'),
(1900, 10, 'K001_BR_0100.jpg'),
(1901, 10, 'K001_BR_0101.jpg'),
(1902, 10, 'K001_BR_0102.jpg'),
(1903, 10, 'K001_BR_0103.jpg'),
(1904, 10, 'K001_BR_0104.jpg'),
(1905, 10, 'K001_BR_0105.jpg'),
(1906, 10, 'K001_BR_0106.jpg'),
(1907, 10, 'K001_BR_0107.jpg'),
(1908, 10, 'K001_BR_0108.jpg'),
(1909, 10, 'K001_BR_0109.jpg'),
(1910, 10, 'K001_BR_0110.jpg'),
(1911, 10, 'K001_BR_0111.jpg'),
(1912, 10, 'K001_BR_0112.jpg'),
(1913, 10, 'K001_BR_0113.jpg'),
(1914, 10, 'K001_BR_0114.jpg'),
(1915, 10, 'K001_BR_0115.jpg'),
(1916, 10, 'K001_BR_0116.jpg'),
(1917, 10, 'K001_BR_0117.jpg'),
(1918, 10, 'K001_BR_0118.jpg'),
(1919, 10, 'K001_BR_0119.jpg'),
(1920, 10, 'K001_BR_0120.jpg'),
(1921, 10, 'K001_BR_0121.jpg'),
(1922, 10, 'K001_BR_0122.jpg'),
(1923, 10, 'K001_BR_0123.jpg'),
(1924, 10, 'K001_BR_0124.jpg'),
(1925, 10, 'K001_BR_0125.jpg'),
(1926, 10, 'K001_BR_0126.jpg'),
(1927, 10, 'K001_BR_0127.jpg'),
(1928, 10, 'K001_BR_0128.jpg'),
(1929, 10, 'K001_BR_0129.jpg'),
(1930, 10, 'K001_BR_0130.jpg'),
(1931, 10, 'K001_BR_0131.jpg'),
(1932, 10, 'K001_BR_0132.jpg'),
(1933, 10, 'K001_BR_0133.jpg'),
(1934, 10, 'K001_BR_0134.jpg'),
(1935, 10, 'K001_BR_0135.jpg'),
(1936, 10, 'K001_BR_0136.jpg'),
(1937, 10, 'K001_BR_0137.jpg'),
(1938, 10, 'K001_BR_0138.jpg'),
(1939, 10, 'K001_BR_0139.jpg'),
(1940, 10, 'K001_BR_0140.jpg'),
(1941, 10, 'K001_BR_0141.jpg'),
(1942, 10, 'K001_BR_0142.jpg'),
(1943, 10, 'K001_BR_0143.jpg'),
(1944, 10, 'K001_BR_0144.jpg'),
(1945, 10, 'K001_BR_0145.jpg'),
(1946, 10, 'K001_BR_0146.jpg'),
(1947, 10, 'K001_BR_0147.jpg'),
(1948, 10, 'K001_BR_0148.jpg'),
(1949, 10, 'K001_BR_0149.jpg'),
(1950, 10, 'K001_BR_0150.jpg'),
(1951, 10, 'K001_BR_0151.jpg'),
(1952, 10, 'K001_BR_0152.jpg'),
(1953, 10, 'K001_BR_0153.jpg'),
(1954, 10, 'K001_BR_0154.jpg'),
(1955, 10, 'K001_BR_0155.jpg'),
(1956, 10, 'K001_BR_0156.jpg'),
(1957, 10, 'K001_BR_0157.jpg'),
(1958, 10, 'K001_BR_0158.jpg'),
(1959, 10, 'K001_BR_0159.jpg'),
(1960, 10, 'K001_BR_0160.jpg'),
(1961, 10, 'K001_BR_0161.jpg'),
(1962, 10, 'K001_BR_0162.jpg'),
(1963, 10, 'K001_BR_0163.jpg'),
(1964, 10, 'K001_BR_0164.jpg'),
(1965, 10, 'K001_BR_0165.jpg'),
(1966, 10, 'K001_BR_0166.jpg'),
(1967, 10, 'K001_BR_0167.jpg'),
(1968, 10, 'K001_BR_0168.jpg'),
(1969, 10, 'K001_BR_0169.jpg'),
(1970, 10, 'K001_BR_0170.jpg'),
(1971, 10, 'K001_BR_0171.jpg'),
(1972, 10, 'K001_BR_0172.jpg'),
(1973, 10, 'K001_BR_0173.jpg'),
(1974, 10, 'K001_BR_0174.jpg'),
(1975, 10, 'K001_BR_0175.jpg'),
(1976, 10, 'K001_BR_0176.jpg'),
(1977, 10, 'K001_BR_0177.jpg'),
(1978, 10, 'K001_BR_0178.jpg'),
(1979, 10, 'K001_BR_0179.jpg'),
(1980, 10, 'K001_BR_0180.jpg'),
(1981, 10, 'K001_BR_0181.jpg'),
(1982, 10, 'K001_BR_0182.jpg'),
(1983, 10, 'K001_BR_0183.jpg'),
(1984, 10, 'K001_BR_0184.jpg'),
(1985, 10, 'K001_BR_0185.jpg'),
(1986, 10, 'K001_BR_0186.jpg'),
(1987, 10, 'K001_BR_0187.jpg'),
(1988, 10, 'K001_BR_0188.jpg'),
(1989, 10, 'K001_BR_0189.jpg'),
(1990, 10, 'K001_BR_0190.jpg'),
(1991, 10, 'K001_BR_0191.jpg'),
(1992, 10, 'K001_BR_0192.jpg'),
(1993, 10, 'K001_BR_0193.jpg'),
(1994, 10, 'K001_BR_0194.jpg'),
(1995, 10, 'K001_BR_0195.jpg'),
(1996, 10, 'K001_BR_0196.jpg'),
(1997, 10, 'K001_BR_0197.jpg'),
(1998, 10, 'K001_BR_0198.jpg'),
(1999, 10, 'K001_BR_0199.jpg'),
(2000, 10, 'K001_BR_0200.jpg'),
(2001, 11, 'K002_A_0001.jpg'),
(2002, 11, 'K002_A_0002.jpg'),
(2003, 11, 'K002_A_0003.jpg'),
(2004, 11, 'K002_A_0004.jpg'),
(2005, 11, 'K002_A_0005.jpg'),
(2006, 11, 'K002_A_0006.jpg'),
(2007, 11, 'K002_A_0007.jpg'),
(2008, 11, 'K002_A_0008.jpg'),
(2009, 11, 'K002_A_0009.jpg'),
(2010, 11, 'K002_A_0010.jpg'),
(2011, 11, 'K002_A_0011.jpg'),
(2012, 11, 'K002_A_0012.jpg'),
(2013, 11, 'K002_A_0013.jpg'),
(2014, 11, 'K002_A_0014.jpg'),
(2015, 11, 'K002_A_0015.jpg'),
(2016, 11, 'K002_A_0016.jpg'),
(2017, 11, 'K002_A_0017.jpg'),
(2018, 11, 'K002_A_0018.jpg'),
(2019, 11, 'K002_A_0019.jpg'),
(2020, 11, 'K002_A_0020.jpg'),
(2021, 11, 'K002_A_0021.jpg'),
(2022, 11, 'K002_A_0022.jpg'),
(2023, 11, 'K002_A_0023.jpg'),
(2024, 11, 'K002_A_0024.jpg'),
(2025, 11, 'K002_A_0025.jpg'),
(2026, 11, 'K002_A_0026.jpg'),
(2027, 11, 'K002_A_0027.jpg'),
(2028, 11, 'K002_A_0028.jpg'),
(2029, 11, 'K002_A_0029.jpg'),
(2030, 11, 'K002_A_0030.jpg'),
(2031, 11, 'K002_A_0031.jpg'),
(2032, 11, 'K002_A_0032.jpg'),
(2033, 11, 'K002_A_0033.jpg'),
(2034, 11, 'K002_A_0034.jpg'),
(2035, 11, 'K002_A_0035.jpg'),
(2036, 11, 'K002_A_0036.jpg'),
(2037, 11, 'K002_A_0037.jpg'),
(2038, 11, 'K002_A_0038.jpg'),
(2039, 11, 'K002_A_0039.jpg'),
(2040, 11, 'K002_A_0040.jpg'),
(2041, 11, 'K002_A_0041.jpg'),
(2042, 11, 'K002_A_0042.jpg'),
(2043, 11, 'K002_A_0043.jpg'),
(2044, 11, 'K002_A_0044.jpg'),
(2045, 11, 'K002_A_0045.jpg'),
(2046, 11, 'K002_A_0046.jpg'),
(2047, 11, 'K002_A_0047.jpg'),
(2048, 11, 'K002_A_0048.jpg'),
(2049, 11, 'K002_A_0049.jpg'),
(2050, 11, 'K002_A_0050.jpg'),
(2051, 11, 'K002_A_0051.jpg'),
(2052, 11, 'K002_A_0052.jpg'),
(2053, 11, 'K002_A_0053.jpg'),
(2054, 11, 'K002_A_0054.jpg'),
(2055, 11, 'K002_A_0055.jpg'),
(2056, 11, 'K002_A_0056.jpg'),
(2057, 11, 'K002_A_0057.jpg'),
(2058, 11, 'K002_A_0058.jpg'),
(2059, 11, 'K002_A_0059.jpg'),
(2060, 11, 'K002_A_0060.jpg'),
(2061, 11, 'K002_A_0061.jpg'),
(2062, 11, 'K002_A_0062.jpg'),
(2063, 11, 'K002_A_0063.jpg'),
(2064, 11, 'K002_A_0064.jpg'),
(2065, 11, 'K002_A_0065.jpg'),
(2066, 11, 'K002_A_0066.jpg'),
(2067, 11, 'K002_A_0067.jpg'),
(2068, 11, 'K002_A_0068.jpg'),
(2069, 11, 'K002_A_0069.jpg'),
(2070, 11, 'K002_A_0070.jpg'),
(2071, 11, 'K002_A_0071.jpg'),
(2072, 11, 'K002_A_0072.jpg'),
(2073, 11, 'K002_A_0073.jpg'),
(2074, 11, 'K002_A_0074.jpg'),
(2075, 11, 'K002_A_0075.jpg'),
(2076, 11, 'K002_A_0076.jpg'),
(2077, 11, 'K002_A_0077.jpg'),
(2078, 11, 'K002_A_0078.jpg'),
(2079, 11, 'K002_A_0079.jpg'),
(2080, 11, 'K002_A_0080.jpg'),
(2081, 11, 'K002_A_0081.jpg'),
(2082, 11, 'K002_A_0082.jpg'),
(2083, 11, 'K002_A_0083.jpg'),
(2084, 11, 'K002_A_0084.jpg'),
(2085, 11, 'K002_A_0085.jpg'),
(2086, 11, 'K002_A_0086.jpg'),
(2087, 11, 'K002_A_0087.jpg'),
(2088, 11, 'K002_A_0088.jpg'),
(2089, 11, 'K002_A_0089.jpg'),
(2090, 11, 'K002_A_0090.jpg'),
(2091, 11, 'K002_A_0091.jpg'),
(2092, 11, 'K002_A_0092.jpg'),
(2093, 11, 'K002_A_0093.jpg'),
(2094, 11, 'K002_A_0094.jpg'),
(2095, 11, 'K002_A_0095.jpg'),
(2096, 11, 'K002_A_0096.jpg'),
(2097, 11, 'K002_A_0097.jpg'),
(2098, 11, 'K002_A_0098.jpg'),
(2099, 11, 'K002_A_0099.jpg'),
(2100, 11, 'K002_A_0100.jpg'),
(2101, 11, 'K002_A_0101.jpg'),
(2102, 11, 'K002_A_0102.jpg'),
(2103, 11, 'K002_A_0103.jpg'),
(2104, 11, 'K002_A_0104.jpg'),
(2105, 11, 'K002_A_0105.jpg'),
(2106, 11, 'K002_A_0106.jpg'),
(2107, 11, 'K002_A_0107.jpg'),
(2108, 11, 'K002_A_0108.jpg'),
(2109, 11, 'K002_A_0109.jpg'),
(2110, 11, 'K002_A_0110.jpg'),
(2111, 11, 'K002_A_0111.jpg'),
(2112, 11, 'K002_A_0112.jpg'),
(2113, 11, 'K002_A_0113.jpg'),
(2114, 11, 'K002_A_0114.jpg'),
(2115, 11, 'K002_A_0115.jpg'),
(2116, 11, 'K002_A_0116.jpg'),
(2117, 11, 'K002_A_0117.jpg'),
(2118, 11, 'K002_A_0118.jpg'),
(2119, 11, 'K002_A_0119.jpg'),
(2120, 11, 'K002_A_0120.jpg'),
(2121, 11, 'K002_A_0121.jpg'),
(2122, 11, 'K002_A_0122.jpg'),
(2123, 11, 'K002_A_0123.jpg'),
(2124, 11, 'K002_A_0124.jpg'),
(2125, 11, 'K002_A_0125.jpg'),
(2126, 11, 'K002_A_0126.jpg'),
(2127, 11, 'K002_A_0127.jpg'),
(2128, 11, 'K002_A_0128.jpg'),
(2129, 11, 'K002_A_0129.jpg'),
(2130, 11, 'K002_A_0130.jpg'),
(2131, 11, 'K002_A_0131.jpg'),
(2132, 11, 'K002_A_0132.jpg'),
(2133, 11, 'K002_A_0133.jpg'),
(2134, 11, 'K002_A_0134.jpg'),
(2135, 11, 'K002_A_0135.jpg'),
(2136, 11, 'K002_A_0136.jpg'),
(2137, 11, 'K002_A_0137.jpg'),
(2138, 11, 'K002_A_0138.jpg'),
(2139, 11, 'K002_A_0139.jpg'),
(2140, 11, 'K002_A_0140.jpg'),
(2141, 11, 'K002_A_0141.jpg'),
(2142, 11, 'K002_A_0142.jpg'),
(2143, 11, 'K002_A_0143.jpg'),
(2144, 11, 'K002_A_0144.jpg'),
(2145, 11, 'K002_A_0145.jpg'),
(2146, 11, 'K002_A_0146.jpg'),
(2147, 11, 'K002_A_0147.jpg'),
(2148, 11, 'K002_A_0148.jpg'),
(2149, 11, 'K002_A_0149.jpg'),
(2150, 11, 'K002_A_0150.jpg'),
(2151, 11, 'K002_A_0151.jpg'),
(2152, 11, 'K002_A_0152.jpg'),
(2153, 11, 'K002_A_0153.jpg'),
(2154, 11, 'K002_A_0154.jpg'),
(2155, 11, 'K002_A_0155.jpg'),
(2156, 11, 'K002_A_0156.jpg'),
(2157, 11, 'K002_A_0157.jpg'),
(2158, 11, 'K002_A_0158.jpg'),
(2159, 11, 'K002_A_0159.jpg'),
(2160, 11, 'K002_A_0160.jpg'),
(2161, 11, 'K002_A_0161.jpg'),
(2162, 11, 'K002_A_0162.jpg'),
(2163, 11, 'K002_A_0163.jpg'),
(2164, 11, 'K002_A_0164.jpg'),
(2165, 11, 'K002_A_0165.jpg'),
(2166, 11, 'K002_A_0166.jpg'),
(2167, 11, 'K002_A_0167.jpg'),
(2168, 11, 'K002_A_0168.jpg'),
(2169, 11, 'K002_A_0169.jpg'),
(2170, 11, 'K002_A_0170.jpg'),
(2171, 11, 'K002_A_0171.jpg'),
(2172, 11, 'K002_A_0172.jpg'),
(2173, 11, 'K002_A_0173.jpg'),
(2174, 11, 'K002_A_0174.jpg'),
(2175, 11, 'K002_A_0175.jpg'),
(2176, 11, 'K002_A_0176.jpg'),
(2177, 11, 'K002_A_0177.jpg'),
(2178, 11, 'K002_A_0178.jpg'),
(2179, 11, 'K002_A_0179.jpg'),
(2180, 11, 'K002_A_0180.jpg'),
(2181, 11, 'K002_A_0181.jpg'),
(2182, 11, 'K002_A_0182.jpg'),
(2183, 11, 'K002_A_0183.jpg'),
(2184, 11, 'K002_A_0184.jpg'),
(2185, 11, 'K002_A_0185.jpg'),
(2186, 11, 'K002_A_0186.jpg'),
(2187, 11, 'K002_A_0187.jpg'),
(2188, 11, 'K002_A_0188.jpg'),
(2189, 11, 'K002_A_0189.jpg'),
(2190, 11, 'K002_A_0190.jpg'),
(2191, 11, 'K002_A_0191.jpg'),
(2192, 11, 'K002_A_0192.jpg'),
(2193, 11, 'K002_A_0193.jpg'),
(2194, 11, 'K002_A_0194.jpg'),
(2195, 11, 'K002_A_0195.jpg'),
(2196, 11, 'K002_A_0196.jpg'),
(2197, 11, 'K002_A_0197.jpg'),
(2198, 11, 'K002_A_0198.jpg'),
(2199, 11, 'K002_A_0199.jpg'),
(2200, 11, 'K002_A_0200.jpg'),
(2201, 12, 'K002_D_0001.jpg'),
(2202, 12, 'K002_D_0002.jpg'),
(2203, 12, 'K002_D_0003.jpg'),
(2204, 12, 'K002_D_0004.jpg'),
(2205, 12, 'K002_D_0005.jpg'),
(2206, 12, 'K002_D_0006.jpg'),
(2207, 12, 'K002_D_0007.jpg'),
(2208, 12, 'K002_D_0008.jpg'),
(2209, 12, 'K002_D_0009.jpg'),
(2210, 12, 'K002_D_0010.jpg'),
(2211, 12, 'K002_D_0011.jpg'),
(2212, 12, 'K002_D_0012.jpg'),
(2213, 12, 'K002_D_0013.jpg'),
(2214, 12, 'K002_D_0014.jpg'),
(2215, 12, 'K002_D_0015.jpg'),
(2216, 12, 'K002_D_0016.jpg'),
(2217, 12, 'K002_D_0017.jpg'),
(2218, 12, 'K002_D_0018.jpg'),
(2219, 12, 'K002_D_0019.jpg'),
(2220, 12, 'K002_D_0020.jpg'),
(2221, 12, 'K002_D_0021.jpg'),
(2222, 12, 'K002_D_0022.jpg'),
(2223, 12, 'K002_D_0023.jpg'),
(2224, 12, 'K002_D_0024.jpg'),
(2225, 12, 'K002_D_0025.jpg'),
(2226, 12, 'K002_D_0026.jpg'),
(2227, 12, 'K002_D_0027.jpg'),
(2228, 12, 'K002_D_0028.jpg'),
(2229, 12, 'K002_D_0029.jpg'),
(2230, 12, 'K002_D_0030.jpg'),
(2231, 12, 'K002_D_0031.jpg'),
(2232, 12, 'K002_D_0032.jpg'),
(2233, 12, 'K002_D_0033.jpg'),
(2234, 12, 'K002_D_0034.jpg'),
(2235, 12, 'K002_D_0035.jpg'),
(2236, 12, 'K002_D_0036.jpg'),
(2237, 12, 'K002_D_0037.jpg'),
(2238, 12, 'K002_D_0038.jpg'),
(2239, 12, 'K002_D_0039.jpg'),
(2240, 12, 'K002_D_0040.jpg'),
(2241, 12, 'K002_D_0041.jpg'),
(2242, 12, 'K002_D_0042.jpg'),
(2243, 12, 'K002_D_0043.jpg'),
(2244, 12, 'K002_D_0044.jpg'),
(2245, 12, 'K002_D_0045.jpg'),
(2246, 12, 'K002_D_0046.jpg'),
(2247, 12, 'K002_D_0047.jpg'),
(2248, 12, 'K002_D_0048.jpg'),
(2249, 12, 'K002_D_0049.jpg'),
(2250, 12, 'K002_D_0050.jpg'),
(2251, 12, 'K002_D_0051.jpg'),
(2252, 12, 'K002_D_0052.jpg'),
(2253, 12, 'K002_D_0053.jpg'),
(2254, 12, 'K002_D_0054.jpg'),
(2255, 12, 'K002_D_0055.jpg'),
(2256, 12, 'K002_D_0056.jpg'),
(2257, 12, 'K002_D_0057.jpg'),
(2258, 12, 'K002_D_0058.jpg'),
(2259, 12, 'K002_D_0059.jpg'),
(2260, 12, 'K002_D_0060.jpg'),
(2261, 12, 'K002_D_0061.jpg'),
(2262, 12, 'K002_D_0062.jpg'),
(2263, 12, 'K002_D_0063.jpg'),
(2264, 12, 'K002_D_0064.jpg'),
(2265, 12, 'K002_D_0065.jpg'),
(2266, 12, 'K002_D_0066.jpg'),
(2267, 12, 'K002_D_0067.jpg'),
(2268, 12, 'K002_D_0068.jpg'),
(2269, 12, 'K002_D_0069.jpg'),
(2270, 12, 'K002_D_0070.jpg'),
(2271, 12, 'K002_D_0071.jpg'),
(2272, 12, 'K002_D_0072.jpg'),
(2273, 12, 'K002_D_0073.jpg'),
(2274, 12, 'K002_D_0074.jpg'),
(2275, 12, 'K002_D_0075.jpg'),
(2276, 12, 'K002_D_0076.jpg'),
(2277, 12, 'K002_D_0077.jpg'),
(2278, 12, 'K002_D_0078.jpg'),
(2279, 12, 'K002_D_0079.jpg'),
(2280, 12, 'K002_D_0080.jpg'),
(2281, 12, 'K002_D_0081.jpg'),
(2282, 12, 'K002_D_0082.jpg'),
(2283, 12, 'K002_D_0083.jpg'),
(2284, 12, 'K002_D_0084.jpg'),
(2285, 12, 'K002_D_0085.jpg'),
(2286, 12, 'K002_D_0086.jpg'),
(2287, 12, 'K002_D_0087.jpg'),
(2288, 12, 'K002_D_0088.jpg'),
(2289, 12, 'K002_D_0089.jpg'),
(2290, 12, 'K002_D_0090.jpg'),
(2291, 12, 'K002_D_0091.jpg'),
(2292, 12, 'K002_D_0092.jpg'),
(2293, 12, 'K002_D_0093.jpg'),
(2294, 12, 'K002_D_0094.jpg'),
(2295, 12, 'K002_D_0095.jpg'),
(2296, 12, 'K002_D_0096.jpg'),
(2297, 12, 'K002_D_0097.jpg'),
(2298, 12, 'K002_D_0098.jpg'),
(2299, 12, 'K002_D_0099.jpg'),
(2300, 12, 'K002_D_0100.jpg'),
(2301, 12, 'K002_D_0101.jpg'),
(2302, 12, 'K002_D_0102.jpg'),
(2303, 12, 'K002_D_0103.jpg'),
(2304, 12, 'K002_D_0104.jpg'),
(2305, 12, 'K002_D_0105.jpg'),
(2306, 12, 'K002_D_0106.jpg'),
(2307, 12, 'K002_D_0107.jpg'),
(2308, 12, 'K002_D_0108.jpg'),
(2309, 12, 'K002_D_0109.jpg'),
(2310, 12, 'K002_D_0110.jpg'),
(2311, 12, 'K002_D_0111.jpg'),
(2312, 12, 'K002_D_0112.jpg'),
(2313, 12, 'K002_D_0113.jpg'),
(2314, 12, 'K002_D_0114.jpg'),
(2315, 12, 'K002_D_0115.jpg'),
(2316, 12, 'K002_D_0116.jpg'),
(2317, 12, 'K002_D_0117.jpg'),
(2318, 12, 'K002_D_0118.jpg'),
(2319, 12, 'K002_D_0119.jpg'),
(2320, 12, 'K002_D_0120.jpg'),
(2321, 12, 'K002_D_0121.jpg'),
(2322, 12, 'K002_D_0122.jpg'),
(2323, 12, 'K002_D_0123.jpg'),
(2324, 12, 'K002_D_0124.jpg'),
(2325, 12, 'K002_D_0125.jpg'),
(2326, 12, 'K002_D_0126.jpg'),
(2327, 12, 'K002_D_0127.jpg'),
(2328, 12, 'K002_D_0128.jpg'),
(2329, 12, 'K002_D_0129.jpg'),
(2330, 12, 'K002_D_0130.jpg'),
(2331, 12, 'K002_D_0131.jpg'),
(2332, 12, 'K002_D_0132.jpg'),
(2333, 12, 'K002_D_0133.jpg'),
(2334, 12, 'K002_D_0134.jpg'),
(2335, 12, 'K002_D_0135.jpg'),
(2336, 12, 'K002_D_0136.jpg'),
(2337, 12, 'K002_D_0137.jpg'),
(2338, 12, 'K002_D_0138.jpg'),
(2339, 12, 'K002_D_0139.jpg'),
(2340, 12, 'K002_D_0140.jpg'),
(2341, 12, 'K002_D_0141.jpg'),
(2342, 12, 'K002_D_0142.jpg'),
(2343, 12, 'K002_D_0143.jpg'),
(2344, 12, 'K002_D_0144.jpg'),
(2345, 12, 'K002_D_0145.jpg'),
(2346, 12, 'K002_D_0146.jpg'),
(2347, 12, 'K002_D_0147.jpg'),
(2348, 12, 'K002_D_0148.jpg'),
(2349, 12, 'K002_D_0149.jpg'),
(2350, 12, 'K002_D_0150.jpg'),
(2351, 12, 'K002_D_0151.jpg'),
(2352, 12, 'K002_D_0152.jpg'),
(2353, 12, 'K002_D_0153.jpg'),
(2354, 12, 'K002_D_0154.jpg'),
(2355, 12, 'K002_D_0155.jpg'),
(2356, 12, 'K002_D_0156.jpg'),
(2357, 12, 'K002_D_0157.jpg'),
(2358, 12, 'K002_D_0158.jpg'),
(2359, 12, 'K002_D_0159.jpg'),
(2360, 12, 'K002_D_0160.jpg'),
(2361, 12, 'K002_D_0161.jpg'),
(2362, 12, 'K002_D_0162.jpg'),
(2363, 12, 'K002_D_0163.jpg'),
(2364, 12, 'K002_D_0164.jpg'),
(2365, 12, 'K002_D_0165.jpg'),
(2366, 12, 'K002_D_0166.jpg'),
(2367, 12, 'K002_D_0167.jpg'),
(2368, 12, 'K002_D_0168.jpg'),
(2369, 12, 'K002_D_0169.jpg'),
(2370, 12, 'K002_D_0170.jpg'),
(2371, 12, 'K002_D_0171.jpg'),
(2372, 12, 'K002_D_0172.jpg'),
(2373, 12, 'K002_D_0173.jpg'),
(2374, 12, 'K002_D_0174.jpg'),
(2375, 12, 'K002_D_0175.jpg'),
(2376, 12, 'K002_D_0176.jpg'),
(2377, 12, 'K002_D_0177.jpg'),
(2378, 12, 'K002_D_0178.jpg'),
(2379, 12, 'K002_D_0179.jpg'),
(2380, 12, 'K002_D_0180.jpg'),
(2381, 12, 'K002_D_0181.jpg'),
(2382, 12, 'K002_D_0182.jpg'),
(2383, 12, 'K002_D_0183.jpg'),
(2384, 12, 'K002_D_0184.jpg'),
(2385, 12, 'K002_D_0185.jpg'),
(2386, 12, 'K002_D_0186.jpg'),
(2387, 12, 'K002_D_0187.jpg'),
(2388, 12, 'K002_D_0188.jpg'),
(2389, 12, 'K002_D_0189.jpg'),
(2390, 12, 'K002_D_0190.jpg'),
(2391, 12, 'K002_D_0191.jpg'),
(2392, 12, 'K002_D_0192.jpg'),
(2393, 12, 'K002_D_0193.jpg'),
(2394, 12, 'K002_D_0194.jpg'),
(2395, 12, 'K002_D_0195.jpg'),
(2396, 12, 'K002_D_0196.jpg'),
(2397, 12, 'K002_D_0197.jpg'),
(2398, 12, 'K002_D_0198.jpg'),
(2399, 12, 'K002_D_0199.jpg'),
(2400, 12, 'K002_D_0200.jpg'),
(2401, 13, 'K002_T_0001.jpg'),
(2402, 13, 'K002_T_0002.jpg'),
(2403, 13, 'K002_T_0003.jpg'),
(2404, 13, 'K002_T_0004.jpg'),
(2405, 13, 'K002_T_0005.jpg'),
(2406, 13, 'K002_T_0006.jpg'),
(2407, 13, 'K002_T_0007.jpg'),
(2408, 13, 'K002_T_0008.jpg'),
(2409, 13, 'K002_T_0009.jpg'),
(2410, 13, 'K002_T_0010.jpg'),
(2411, 13, 'K002_T_0011.jpg'),
(2412, 13, 'K002_T_0012.jpg'),
(2413, 13, 'K002_T_0013.jpg'),
(2414, 13, 'K002_T_0014.jpg'),
(2415, 13, 'K002_T_0015.jpg'),
(2416, 13, 'K002_T_0016.jpg'),
(2417, 13, 'K002_T_0017.jpg'),
(2418, 13, 'K002_T_0018.jpg'),
(2419, 13, 'K002_T_0019.jpg'),
(2420, 13, 'K002_T_0020.jpg'),
(2421, 13, 'K002_T_0021.jpg'),
(2422, 13, 'K002_T_0022.jpg'),
(2423, 13, 'K002_T_0023.jpg'),
(2424, 13, 'K002_T_0024.jpg'),
(2425, 13, 'K002_T_0025.jpg'),
(2426, 13, 'K002_T_0026.jpg'),
(2427, 13, 'K002_T_0027.jpg'),
(2428, 13, 'K002_T_0028.jpg'),
(2429, 13, 'K002_T_0029.jpg'),
(2430, 13, 'K002_T_0030.jpg'),
(2431, 13, 'K002_T_0031.jpg'),
(2432, 13, 'K002_T_0032.jpg'),
(2433, 13, 'K002_T_0033.jpg'),
(2434, 13, 'K002_T_0034.jpg'),
(2435, 13, 'K002_T_0035.jpg'),
(2436, 13, 'K002_T_0036.jpg'),
(2437, 13, 'K002_T_0037.jpg'),
(2438, 13, 'K002_T_0038.jpg'),
(2439, 13, 'K002_T_0039.jpg'),
(2440, 13, 'K002_T_0040.jpg'),
(2441, 13, 'K002_T_0041.jpg'),
(2442, 13, 'K002_T_0042.jpg'),
(2443, 13, 'K002_T_0043.jpg'),
(2444, 13, 'K002_T_0044.jpg'),
(2445, 13, 'K002_T_0045.jpg'),
(2446, 13, 'K002_T_0046.jpg'),
(2447, 13, 'K002_T_0047.jpg'),
(2448, 13, 'K002_T_0048.jpg'),
(2449, 13, 'K002_T_0049.jpg'),
(2450, 13, 'K002_T_0050.jpg'),
(2451, 13, 'K002_T_0051.jpg'),
(2452, 13, 'K002_T_0052.jpg'),
(2453, 13, 'K002_T_0053.jpg'),
(2454, 13, 'K002_T_0054.jpg'),
(2455, 13, 'K002_T_0055.jpg'),
(2456, 13, 'K002_T_0056.jpg'),
(2457, 13, 'K002_T_0057.jpg'),
(2458, 13, 'K002_T_0058.jpg'),
(2459, 13, 'K002_T_0059.jpg'),
(2460, 13, 'K002_T_0060.jpg'),
(2461, 13, 'K002_T_0061.jpg'),
(2462, 13, 'K002_T_0062.jpg'),
(2463, 13, 'K002_T_0063.jpg'),
(2464, 13, 'K002_T_0064.jpg'),
(2465, 13, 'K002_T_0065.jpg'),
(2466, 13, 'K002_T_0066.jpg'),
(2467, 13, 'K002_T_0067.jpg'),
(2468, 13, 'K002_T_0068.jpg'),
(2469, 13, 'K002_T_0069.jpg'),
(2470, 13, 'K002_T_0070.jpg'),
(2471, 13, 'K002_T_0071.jpg'),
(2472, 13, 'K002_T_0072.jpg'),
(2473, 13, 'K002_T_0073.jpg'),
(2474, 13, 'K002_T_0074.jpg'),
(2475, 13, 'K002_T_0075.jpg'),
(2476, 13, 'K002_T_0076.jpg'),
(2477, 13, 'K002_T_0077.jpg'),
(2478, 13, 'K002_T_0078.jpg'),
(2479, 13, 'K002_T_0079.jpg'),
(2480, 13, 'K002_T_0080.jpg'),
(2481, 13, 'K002_T_0081.jpg'),
(2482, 13, 'K002_T_0082.jpg'),
(2483, 13, 'K002_T_0083.jpg'),
(2484, 13, 'K002_T_0084.jpg'),
(2485, 13, 'K002_T_0085.jpg'),
(2486, 13, 'K002_T_0086.jpg'),
(2487, 13, 'K002_T_0087.jpg'),
(2488, 13, 'K002_T_0088.jpg'),
(2489, 13, 'K002_T_0089.jpg'),
(2490, 13, 'K002_T_0090.jpg'),
(2491, 13, 'K002_T_0091.jpg'),
(2492, 13, 'K002_T_0092.jpg'),
(2493, 13, 'K002_T_0093.jpg'),
(2494, 13, 'K002_T_0094.jpg'),
(2495, 13, 'K002_T_0095.jpg'),
(2496, 13, 'K002_T_0096.jpg'),
(2497, 13, 'K002_T_0097.jpg'),
(2498, 13, 'K002_T_0098.jpg'),
(2499, 13, 'K002_T_0099.jpg'),
(2500, 13, 'K002_T_0100.jpg'),
(2501, 13, 'K002_T_0101.jpg'),
(2502, 13, 'K002_T_0102.jpg'),
(2503, 13, 'K002_T_0103.jpg'),
(2504, 13, 'K002_T_0104.jpg'),
(2505, 13, 'K002_T_0105.jpg'),
(2506, 13, 'K002_T_0106.jpg'),
(2507, 13, 'K002_T_0107.jpg'),
(2508, 13, 'K002_T_0108.jpg'),
(2509, 13, 'K002_T_0109.jpg'),
(2510, 13, 'K002_T_0110.jpg'),
(2511, 13, 'K002_T_0111.jpg'),
(2512, 13, 'K002_T_0112.jpg'),
(2513, 13, 'K002_T_0113.jpg'),
(2514, 13, 'K002_T_0114.jpg'),
(2515, 13, 'K002_T_0115.jpg'),
(2516, 13, 'K002_T_0116.jpg'),
(2517, 13, 'K002_T_0117.jpg'),
(2518, 13, 'K002_T_0118.jpg'),
(2519, 13, 'K002_T_0119.jpg'),
(2520, 13, 'K002_T_0120.jpg'),
(2521, 13, 'K002_T_0121.jpg'),
(2522, 13, 'K002_T_0122.jpg'),
(2523, 13, 'K002_T_0123.jpg'),
(2524, 13, 'K002_T_0124.jpg'),
(2525, 13, 'K002_T_0125.jpg'),
(2526, 13, 'K002_T_0126.jpg'),
(2527, 13, 'K002_T_0127.jpg'),
(2528, 13, 'K002_T_0128.jpg'),
(2529, 13, 'K002_T_0129.jpg'),
(2530, 13, 'K002_T_0130.jpg'),
(2531, 13, 'K002_T_0131.jpg'),
(2532, 13, 'K002_T_0132.jpg'),
(2533, 13, 'K002_T_0133.jpg'),
(2534, 13, 'K002_T_0134.jpg'),
(2535, 13, 'K002_T_0135.jpg'),
(2536, 13, 'K002_T_0136.jpg'),
(2537, 13, 'K002_T_0137.jpg'),
(2538, 13, 'K002_T_0138.jpg'),
(2539, 13, 'K002_T_0139.jpg'),
(2540, 13, 'K002_T_0140.jpg'),
(2541, 13, 'K002_T_0141.jpg'),
(2542, 13, 'K002_T_0142.jpg'),
(2543, 13, 'K002_T_0143.jpg'),
(2544, 13, 'K002_T_0144.jpg'),
(2545, 13, 'K002_T_0145.jpg'),
(2546, 13, 'K002_T_0146.jpg'),
(2547, 13, 'K002_T_0147.jpg'),
(2548, 13, 'K002_T_0148.jpg'),
(2549, 13, 'K002_T_0149.jpg'),
(2550, 13, 'K002_T_0150.jpg'),
(2551, 13, 'K002_T_0151.jpg'),
(2552, 13, 'K002_T_0152.jpg'),
(2553, 13, 'K002_T_0153.jpg'),
(2554, 13, 'K002_T_0154.jpg'),
(2555, 13, 'K002_T_0155.jpg'),
(2556, 13, 'K002_T_0156.jpg'),
(2557, 13, 'K002_T_0157.jpg'),
(2558, 13, 'K002_T_0158.jpg'),
(2559, 13, 'K002_T_0159.jpg'),
(2560, 13, 'K002_T_0160.jpg'),
(2561, 13, 'K002_T_0161.jpg'),
(2562, 13, 'K002_T_0162.jpg'),
(2563, 13, 'K002_T_0163.jpg'),
(2564, 13, 'K002_T_0164.jpg'),
(2565, 13, 'K002_T_0165.jpg'),
(2566, 13, 'K002_T_0166.jpg'),
(2567, 13, 'K002_T_0167.jpg'),
(2568, 13, 'K002_T_0168.jpg'),
(2569, 13, 'K002_T_0169.jpg'),
(2570, 13, 'K002_T_0170.jpg'),
(2571, 13, 'K002_T_0171.jpg'),
(2572, 13, 'K002_T_0172.jpg'),
(2573, 13, 'K002_T_0173.jpg'),
(2574, 13, 'K002_T_0174.jpg'),
(2575, 13, 'K002_T_0175.jpg'),
(2576, 13, 'K002_T_0176.jpg'),
(2577, 13, 'K002_T_0177.jpg'),
(2578, 13, 'K002_T_0178.jpg'),
(2579, 13, 'K002_T_0179.jpg'),
(2580, 13, 'K002_T_0180.jpg'),
(2581, 13, 'K002_T_0181.jpg'),
(2582, 13, 'K002_T_0182.jpg'),
(2583, 13, 'K002_T_0183.jpg'),
(2584, 13, 'K002_T_0184.jpg'),
(2585, 13, 'K002_T_0185.jpg'),
(2586, 13, 'K002_T_0186.jpg'),
(2587, 13, 'K002_T_0187.jpg'),
(2588, 13, 'K002_T_0188.jpg'),
(2589, 13, 'K002_T_0189.jpg'),
(2590, 13, 'K002_T_0190.jpg'),
(2591, 13, 'K002_T_0191.jpg'),
(2592, 13, 'K002_T_0192.jpg'),
(2593, 13, 'K002_T_0193.jpg'),
(2594, 13, 'K002_T_0194.jpg'),
(2595, 13, 'K002_T_0195.jpg'),
(2596, 13, 'K002_T_0196.jpg'),
(2597, 13, 'K002_T_0197.jpg'),
(2598, 13, 'K002_T_0198.jpg'),
(2599, 13, 'K002_T_0199.jpg'),
(2600, 13, 'K002_T_0200.jpg'),
(2601, 14, 'K003_G1_0001.jpg'),
(2602, 14, 'K003_G1_0002.jpg'),
(2603, 14, 'K003_G1_0003.jpg'),
(2604, 14, 'K003_G1_0004.jpg'),
(2605, 14, 'K003_G1_0005.jpg'),
(2606, 14, 'K003_G1_0006.jpg'),
(2607, 14, 'K003_G1_0007.jpg'),
(2608, 14, 'K003_G1_0008.jpg'),
(2609, 14, 'K003_G1_0009.jpg'),
(2610, 14, 'K003_G1_0010.jpg'),
(2611, 14, 'K003_G1_0011.jpg'),
(2612, 14, 'K003_G1_0012.jpg'),
(2613, 14, 'K003_G1_0013.jpg'),
(2614, 14, 'K003_G1_0014.jpg'),
(2615, 14, 'K003_G1_0015.jpg'),
(2616, 14, 'K003_G1_0016.jpg'),
(2617, 14, 'K003_G1_0017.jpg'),
(2618, 14, 'K003_G1_0018.jpg'),
(2619, 14, 'K003_G1_0019.jpg'),
(2620, 14, 'K003_G1_0020.jpg'),
(2621, 14, 'K003_G1_0021.jpg'),
(2622, 14, 'K003_G1_0022.jpg'),
(2623, 14, 'K003_G1_0023.jpg'),
(2624, 14, 'K003_G1_0024.jpg'),
(2625, 14, 'K003_G1_0025.jpg'),
(2626, 14, 'K003_G1_0026.jpg'),
(2627, 14, 'K003_G1_0027.jpg'),
(2628, 14, 'K003_G1_0028.jpg'),
(2629, 14, 'K003_G1_0029.jpg'),
(2630, 14, 'K003_G1_0030.jpg'),
(2631, 14, 'K003_G1_0031.jpg'),
(2632, 14, 'K003_G1_0032.jpg'),
(2633, 14, 'K003_G1_0033.jpg'),
(2634, 14, 'K003_G1_0034.jpg'),
(2635, 14, 'K003_G1_0035.jpg'),
(2636, 14, 'K003_G1_0036.jpg'),
(2637, 14, 'K003_G1_0037.jpg'),
(2638, 14, 'K003_G1_0038.jpg'),
(2639, 14, 'K003_G1_0039.jpg'),
(2640, 14, 'K003_G1_0040.jpg'),
(2641, 14, 'K003_G1_0041.jpg'),
(2642, 14, 'K003_G1_0042.jpg'),
(2643, 14, 'K003_G1_0043.jpg'),
(2644, 14, 'K003_G1_0044.jpg'),
(2645, 14, 'K003_G1_0045.jpg'),
(2646, 14, 'K003_G1_0046.jpg'),
(2647, 14, 'K003_G1_0047.jpg'),
(2648, 14, 'K003_G1_0048.jpg'),
(2649, 14, 'K003_G1_0049.jpg'),
(2650, 14, 'K003_G1_0050.jpg'),
(2651, 14, 'K003_G1_0051.jpg'),
(2652, 14, 'K003_G1_0052.jpg'),
(2653, 14, 'K003_G1_0053.jpg'),
(2654, 14, 'K003_G1_0054.jpg'),
(2655, 14, 'K003_G1_0055.jpg'),
(2656, 14, 'K003_G1_0056.jpg'),
(2657, 14, 'K003_G1_0057.jpg'),
(2658, 14, 'K003_G1_0058.jpg'),
(2659, 14, 'K003_G1_0059.jpg'),
(2660, 14, 'K003_G1_0060.jpg'),
(2661, 14, 'K003_G1_0061.jpg'),
(2662, 14, 'K003_G1_0062.jpg'),
(2663, 14, 'K003_G1_0063.jpg'),
(2664, 14, 'K003_G1_0064.jpg'),
(2665, 14, 'K003_G1_0065.jpg'),
(2666, 14, 'K003_G1_0066.jpg'),
(2667, 14, 'K003_G1_0067.jpg'),
(2668, 14, 'K003_G1_0068.jpg'),
(2669, 14, 'K003_G1_0069.jpg'),
(2670, 14, 'K003_G1_0070.jpg'),
(2671, 14, 'K003_G1_0071.jpg'),
(2672, 14, 'K003_G1_0072.jpg'),
(2673, 14, 'K003_G1_0073.jpg'),
(2674, 14, 'K003_G1_0074.jpg'),
(2675, 14, 'K003_G1_0075.jpg'),
(2676, 14, 'K003_G1_0076.jpg'),
(2677, 14, 'K003_G1_0077.jpg'),
(2678, 14, 'K003_G1_0078.jpg'),
(2679, 14, 'K003_G1_0079.jpg'),
(2680, 14, 'K003_G1_0080.jpg'),
(2681, 14, 'K003_G1_0081.jpg'),
(2682, 14, 'K003_G1_0082.jpg'),
(2683, 14, 'K003_G1_0083.jpg'),
(2684, 14, 'K003_G1_0084.jpg'),
(2685, 14, 'K003_G1_0085.jpg'),
(2686, 14, 'K003_G1_0086.jpg'),
(2687, 14, 'K003_G1_0087.jpg'),
(2688, 14, 'K003_G1_0088.jpg'),
(2689, 14, 'K003_G1_0089.jpg'),
(2690, 14, 'K003_G1_0090.jpg'),
(2691, 14, 'K003_G1_0091.jpg'),
(2692, 14, 'K003_G1_0092.jpg'),
(2693, 14, 'K003_G1_0093.jpg'),
(2694, 14, 'K003_G1_0094.jpg'),
(2695, 14, 'K003_G1_0095.jpg'),
(2696, 14, 'K003_G1_0096.jpg'),
(2697, 14, 'K003_G1_0097.jpg'),
(2698, 14, 'K003_G1_0098.jpg'),
(2699, 14, 'K003_G1_0099.jpg'),
(2700, 14, 'K003_G1_0100.jpg'),
(2701, 14, 'K003_G1_0101.jpg'),
(2702, 14, 'K003_G1_0102.jpg'),
(2703, 14, 'K003_G1_0103.jpg'),
(2704, 14, 'K003_G1_0104.jpg'),
(2705, 14, 'K003_G1_0105.jpg'),
(2706, 14, 'K003_G1_0106.jpg'),
(2707, 14, 'K003_G1_0107.jpg'),
(2708, 14, 'K003_G1_0108.jpg'),
(2709, 14, 'K003_G1_0109.jpg'),
(2710, 14, 'K003_G1_0110.jpg'),
(2711, 14, 'K003_G1_0111.jpg'),
(2712, 14, 'K003_G1_0112.jpg'),
(2713, 14, 'K003_G1_0113.jpg'),
(2714, 14, 'K003_G1_0114.jpg'),
(2715, 14, 'K003_G1_0115.jpg'),
(2716, 14, 'K003_G1_0116.jpg'),
(2717, 14, 'K003_G1_0117.jpg'),
(2718, 14, 'K003_G1_0118.jpg'),
(2719, 14, 'K003_G1_0119.jpg'),
(2720, 14, 'K003_G1_0120.jpg'),
(2721, 14, 'K003_G1_0121.jpg'),
(2722, 14, 'K003_G1_0122.jpg'),
(2723, 14, 'K003_G1_0123.jpg'),
(2724, 14, 'K003_G1_0124.jpg'),
(2725, 14, 'K003_G1_0125.jpg'),
(2726, 14, 'K003_G1_0126.jpg'),
(2727, 14, 'K003_G1_0127.jpg'),
(2728, 14, 'K003_G1_0128.jpg'),
(2729, 14, 'K003_G1_0129.jpg'),
(2730, 14, 'K003_G1_0130.jpg'),
(2731, 14, 'K003_G1_0131.jpg'),
(2732, 14, 'K003_G1_0132.jpg'),
(2733, 14, 'K003_G1_0133.jpg'),
(2734, 14, 'K003_G1_0134.jpg'),
(2735, 14, 'K003_G1_0135.jpg'),
(2736, 14, 'K003_G1_0136.jpg'),
(2737, 14, 'K003_G1_0137.jpg'),
(2738, 14, 'K003_G1_0138.jpg'),
(2739, 14, 'K003_G1_0139.jpg'),
(2740, 14, 'K003_G1_0140.jpg'),
(2741, 14, 'K003_G1_0141.jpg'),
(2742, 14, 'K003_G1_0142.jpg'),
(2743, 14, 'K003_G1_0143.jpg'),
(2744, 14, 'K003_G1_0144.jpg'),
(2745, 14, 'K003_G1_0145.jpg'),
(2746, 14, 'K003_G1_0146.jpg'),
(2747, 14, 'K003_G1_0147.jpg'),
(2748, 14, 'K003_G1_0148.jpg'),
(2749, 14, 'K003_G1_0149.jpg'),
(2750, 14, 'K003_G1_0150.jpg'),
(2751, 14, 'K003_G1_0151.jpg'),
(2752, 14, 'K003_G1_0152.jpg'),
(2753, 14, 'K003_G1_0153.jpg'),
(2754, 14, 'K003_G1_0154.jpg'),
(2755, 14, 'K003_G1_0155.jpg'),
(2756, 14, 'K003_G1_0156.jpg'),
(2757, 14, 'K003_G1_0157.jpg'),
(2758, 14, 'K003_G1_0158.jpg'),
(2759, 14, 'K003_G1_0159.jpg'),
(2760, 14, 'K003_G1_0160.jpg'),
(2761, 14, 'K003_G1_0161.jpg'),
(2762, 14, 'K003_G1_0162.jpg'),
(2763, 14, 'K003_G1_0163.jpg'),
(2764, 14, 'K003_G1_0164.jpg'),
(2765, 14, 'K003_G1_0165.jpg'),
(2766, 14, 'K003_G1_0166.jpg'),
(2767, 14, 'K003_G1_0167.jpg'),
(2768, 14, 'K003_G1_0168.jpg'),
(2769, 14, 'K003_G1_0169.jpg'),
(2770, 14, 'K003_G1_0170.jpg'),
(2771, 14, 'K003_G1_0171.jpg'),
(2772, 14, 'K003_G1_0172.jpg'),
(2773, 14, 'K003_G1_0173.jpg'),
(2774, 14, 'K003_G1_0174.jpg'),
(2775, 14, 'K003_G1_0175.jpg'),
(2776, 14, 'K003_G1_0176.jpg'),
(2777, 14, 'K003_G1_0177.jpg'),
(2778, 14, 'K003_G1_0178.jpg'),
(2779, 14, 'K003_G1_0179.jpg'),
(2780, 14, 'K003_G1_0180.jpg'),
(2781, 14, 'K003_G1_0181.jpg'),
(2782, 14, 'K003_G1_0182.jpg'),
(2783, 14, 'K003_G1_0183.jpg'),
(2784, 14, 'K003_G1_0184.jpg'),
(2785, 14, 'K003_G1_0185.jpg'),
(2786, 14, 'K003_G1_0186.jpg'),
(2787, 14, 'K003_G1_0187.jpg'),
(2788, 14, 'K003_G1_0188.jpg'),
(2789, 14, 'K003_G1_0189.jpg'),
(2790, 14, 'K003_G1_0190.jpg'),
(2791, 14, 'K003_G1_0191.jpg'),
(2792, 14, 'K003_G1_0192.jpg'),
(2793, 14, 'K003_G1_0193.jpg'),
(2794, 14, 'K003_G1_0194.jpg'),
(2795, 14, 'K003_G1_0195.jpg'),
(2796, 14, 'K003_G1_0196.jpg'),
(2797, 14, 'K003_G1_0197.jpg'),
(2798, 14, 'K003_G1_0198.jpg'),
(2799, 14, 'K003_G1_0199.jpg'),
(2800, 14, 'K003_G1_0200.jpg'),
(2801, 15, 'K003_G2_0001.jpg'),
(2802, 15, 'K003_G2_0002.jpg'),
(2803, 15, 'K003_G2_0003.jpg'),
(2804, 15, 'K003_G2_0004.jpg'),
(2805, 15, 'K003_G2_0005.jpg'),
(2806, 15, 'K003_G2_0006.jpg'),
(2807, 15, 'K003_G2_0007.jpg'),
(2808, 15, 'K003_G2_0008.jpg'),
(2809, 15, 'K003_G2_0009.jpg'),
(2810, 15, 'K003_G2_0010.jpg'),
(2811, 15, 'K003_G2_0011.jpg'),
(2812, 15, 'K003_G2_0012.jpg'),
(2813, 15, 'K003_G2_0013.jpg'),
(2814, 15, 'K003_G2_0014.jpg'),
(2815, 15, 'K003_G2_0015.jpg'),
(2816, 15, 'K003_G2_0016.jpg'),
(2817, 15, 'K003_G2_0017.jpg'),
(2818, 15, 'K003_G2_0018.jpg'),
(2819, 15, 'K003_G2_0019.jpg'),
(2820, 15, 'K003_G2_0020.jpg'),
(2821, 15, 'K003_G2_0021.jpg'),
(2822, 15, 'K003_G2_0022.jpg'),
(2823, 15, 'K003_G2_0023.jpg'),
(2824, 15, 'K003_G2_0024.jpg'),
(2825, 15, 'K003_G2_0025.jpg'),
(2826, 15, 'K003_G2_0026.jpg'),
(2827, 15, 'K003_G2_0027.jpg'),
(2828, 15, 'K003_G2_0028.jpg'),
(2829, 15, 'K003_G2_0029.jpg'),
(2830, 15, 'K003_G2_0030.jpg'),
(2831, 15, 'K003_G2_0031.jpg'),
(2832, 15, 'K003_G2_0032.jpg'),
(2833, 15, 'K003_G2_0033.jpg'),
(2834, 15, 'K003_G2_0034.jpg'),
(2835, 15, 'K003_G2_0035.jpg'),
(2836, 15, 'K003_G2_0036.jpg'),
(2837, 15, 'K003_G2_0037.jpg'),
(2838, 15, 'K003_G2_0038.jpg'),
(2839, 15, 'K003_G2_0039.jpg'),
(2840, 15, 'K003_G2_0040.jpg'),
(2841, 15, 'K003_G2_0041.jpg'),
(2842, 15, 'K003_G2_0042.jpg'),
(2843, 15, 'K003_G2_0043.jpg'),
(2844, 15, 'K003_G2_0044.jpg'),
(2845, 15, 'K003_G2_0045.jpg'),
(2846, 15, 'K003_G2_0046.jpg'),
(2847, 15, 'K003_G2_0047.jpg'),
(2848, 15, 'K003_G2_0048.jpg'),
(2849, 15, 'K003_G2_0049.jpg'),
(2850, 15, 'K003_G2_0050.jpg'),
(2851, 15, 'K003_G2_0051.jpg'),
(2852, 15, 'K003_G2_0052.jpg'),
(2853, 15, 'K003_G2_0053.jpg'),
(2854, 15, 'K003_G2_0054.jpg'),
(2855, 15, 'K003_G2_0055.jpg'),
(2856, 15, 'K003_G2_0056.jpg'),
(2857, 15, 'K003_G2_0057.jpg'),
(2858, 15, 'K003_G2_0058.jpg'),
(2859, 15, 'K003_G2_0059.jpg'),
(2860, 15, 'K003_G2_0060.jpg'),
(2861, 15, 'K003_G2_0061.jpg'),
(2862, 15, 'K003_G2_0062.jpg'),
(2863, 15, 'K003_G2_0063.jpg'),
(2864, 15, 'K003_G2_0064.jpg'),
(2865, 15, 'K003_G2_0065.jpg'),
(2866, 15, 'K003_G2_0066.jpg'),
(2867, 15, 'K003_G2_0067.jpg'),
(2868, 15, 'K003_G2_0068.jpg'),
(2869, 15, 'K003_G2_0069.jpg'),
(2870, 15, 'K003_G2_0070.jpg'),
(2871, 15, 'K003_G2_0071.jpg'),
(2872, 15, 'K003_G2_0072.jpg'),
(2873, 15, 'K003_G2_0073.jpg'),
(2874, 15, 'K003_G2_0074.jpg'),
(2875, 15, 'K003_G2_0075.jpg'),
(2876, 15, 'K003_G2_0076.jpg'),
(2877, 15, 'K003_G2_0077.jpg'),
(2878, 15, 'K003_G2_0078.jpg'),
(2879, 15, 'K003_G2_0079.jpg'),
(2880, 15, 'K003_G2_0080.jpg'),
(2881, 15, 'K003_G2_0081.jpg'),
(2882, 15, 'K003_G2_0082.jpg'),
(2883, 15, 'K003_G2_0083.jpg'),
(2884, 15, 'K003_G2_0084.jpg'),
(2885, 15, 'K003_G2_0085.jpg'),
(2886, 15, 'K003_G2_0086.jpg'),
(2887, 15, 'K003_G2_0087.jpg'),
(2888, 15, 'K003_G2_0088.jpg'),
(2889, 15, 'K003_G2_0089.jpg'),
(2890, 15, 'K003_G2_0090.jpg'),
(2891, 15, 'K003_G2_0091.jpg'),
(2892, 15, 'K003_G2_0092.jpg'),
(2893, 15, 'K003_G2_0093.jpg'),
(2894, 15, 'K003_G2_0094.jpg'),
(2895, 15, 'K003_G2_0095.jpg'),
(2896, 15, 'K003_G2_0096.jpg'),
(2897, 15, 'K003_G2_0097.jpg'),
(2898, 15, 'K003_G2_0098.jpg'),
(2899, 15, 'K003_G2_0099.jpg'),
(2900, 15, 'K003_G2_0100.jpg'),
(2901, 15, 'K003_G2_0101.jpg'),
(2902, 15, 'K003_G2_0102.jpg'),
(2903, 15, 'K003_G2_0103.jpg'),
(2904, 15, 'K003_G2_0104.jpg'),
(2905, 15, 'K003_G2_0105.jpg'),
(2906, 15, 'K003_G2_0106.jpg'),
(2907, 15, 'K003_G2_0107.jpg'),
(2908, 15, 'K003_G2_0108.jpg'),
(2909, 15, 'K003_G2_0109.jpg'),
(2910, 15, 'K003_G2_0110.jpg'),
(2911, 15, 'K003_G2_0111.jpg'),
(2912, 15, 'K003_G2_0112.jpg'),
(2913, 15, 'K003_G2_0113.jpg'),
(2914, 15, 'K003_G2_0114.jpg'),
(2915, 15, 'K003_G2_0115.jpg'),
(2916, 15, 'K003_G2_0116.jpg'),
(2917, 15, 'K003_G2_0117.jpg'),
(2918, 15, 'K003_G2_0118.jpg'),
(2919, 15, 'K003_G2_0119.jpg'),
(2920, 15, 'K003_G2_0120.jpg'),
(2921, 15, 'K003_G2_0121.jpg'),
(2922, 15, 'K003_G2_0122.jpg'),
(2923, 15, 'K003_G2_0123.jpg'),
(2924, 15, 'K003_G2_0124.jpg'),
(2925, 15, 'K003_G2_0125.jpg'),
(2926, 15, 'K003_G2_0126.jpg'),
(2927, 15, 'K003_G2_0127.jpg'),
(2928, 15, 'K003_G2_0128.jpg'),
(2929, 15, 'K003_G2_0129.jpg'),
(2930, 15, 'K003_G2_0130.jpg'),
(2931, 15, 'K003_G2_0131.jpg'),
(2932, 15, 'K003_G2_0132.jpg'),
(2933, 15, 'K003_G2_0133.jpg'),
(2934, 15, 'K003_G2_0134.jpg'),
(2935, 15, 'K003_G2_0135.jpg'),
(2936, 15, 'K003_G2_0136.jpg'),
(2937, 15, 'K003_G2_0137.jpg'),
(2938, 15, 'K003_G2_0138.jpg'),
(2939, 15, 'K003_G2_0139.jpg'),
(2940, 15, 'K003_G2_0140.jpg'),
(2941, 15, 'K003_G2_0141.jpg'),
(2942, 15, 'K003_G2_0142.jpg'),
(2943, 15, 'K003_G2_0143.jpg'),
(2944, 15, 'K003_G2_0144.jpg'),
(2945, 15, 'K003_G2_0145.jpg'),
(2946, 15, 'K003_G2_0146.jpg'),
(2947, 15, 'K003_G2_0147.jpg'),
(2948, 15, 'K003_G2_0148.jpg'),
(2949, 15, 'K003_G2_0149.jpg'),
(2950, 15, 'K003_G2_0150.jpg'),
(2951, 15, 'K003_G2_0151.jpg'),
(2952, 15, 'K003_G2_0152.jpg'),
(2953, 15, 'K003_G2_0153.jpg'),
(2954, 15, 'K003_G2_0154.jpg'),
(2955, 15, 'K003_G2_0155.jpg'),
(2956, 15, 'K003_G2_0156.jpg'),
(2957, 15, 'K003_G2_0157.jpg'),
(2958, 15, 'K003_G2_0158.jpg'),
(2959, 15, 'K003_G2_0159.jpg'),
(2960, 15, 'K003_G2_0160.jpg'),
(2961, 15, 'K003_G2_0161.jpg'),
(2962, 15, 'K003_G2_0162.jpg'),
(2963, 15, 'K003_G2_0163.jpg'),
(2964, 15, 'K003_G2_0164.jpg'),
(2965, 15, 'K003_G2_0165.jpg'),
(2966, 15, 'K003_G2_0166.jpg'),
(2967, 15, 'K003_G2_0167.jpg'),
(2968, 15, 'K003_G2_0168.jpg'),
(2969, 15, 'K003_G2_0169.jpg'),
(2970, 15, 'K003_G2_0170.jpg'),
(2971, 15, 'K003_G2_0171.jpg'),
(2972, 15, 'K003_G2_0172.jpg'),
(2973, 15, 'K003_G2_0173.jpg'),
(2974, 15, 'K003_G2_0174.jpg'),
(2975, 15, 'K003_G2_0175.jpg'),
(2976, 15, 'K003_G2_0176.jpg'),
(2977, 15, 'K003_G2_0177.jpg'),
(2978, 15, 'K003_G2_0178.jpg'),
(2979, 15, 'K003_G2_0179.jpg'),
(2980, 15, 'K003_G2_0180.jpg'),
(2981, 15, 'K003_G2_0181.jpg'),
(2982, 15, 'K003_G2_0182.jpg'),
(2983, 15, 'K003_G2_0183.jpg'),
(2984, 15, 'K003_G2_0184.jpg'),
(2985, 15, 'K003_G2_0185.jpg'),
(2986, 15, 'K003_G2_0186.jpg'),
(2987, 15, 'K003_G2_0187.jpg'),
(2988, 15, 'K003_G2_0188.jpg'),
(2989, 15, 'K003_G2_0189.jpg'),
(2990, 15, 'K003_G2_0190.jpg'),
(2991, 15, 'K003_G2_0191.jpg'),
(2992, 15, 'K003_G2_0192.jpg'),
(2993, 15, 'K003_G2_0193.jpg'),
(2994, 15, 'K003_G2_0194.jpg'),
(2995, 15, 'K003_G2_0195.jpg'),
(2996, 15, 'K003_G2_0196.jpg'),
(2997, 15, 'K003_G2_0197.jpg'),
(2998, 15, 'K003_G2_0198.jpg'),
(2999, 15, 'K003_G2_0199.jpg'),
(3000, 15, 'K003_G2_0200.jpg');

-- --------------------------------------------------------

--
-- Table structure for table `component_set_media_detail`
--

CREATE TABLE `component_set_media_detail` (
  `id` int(10) UNSIGNED NOT NULL,
  `kitchen_id` int(10) UNSIGNED NOT NULL,
  `component_set_id` int(10) UNSIGNED NOT NULL,
  `title` varchar(1000) NOT NULL,
  `subtitle` varchar(1000) NOT NULL,
  `description` text NOT NULL
) ENGINE=InnoDB DEFAULT CHARSET=utf8mb4;

--
-- Dumping data for table `component_set_media_detail`
--

INSERT INTO `component_set_media_detail` (`id`, `kitchen_id`, `component_set_id`, `title`, `subtitle`, `description`) VALUES
(1, 1, 1, 'Urbano', 'ปรับเปลี่ยนการจัดวางได้ตามใจ', 'ภายในลิ้นชัก สามารถปรับ เปลี่ยนการจัดวางได้ตามการใช้สอย เพื่อตอบสนองการใช้งานได้ทุกองศา รับน้ำหนักได้ 30 กิโลกรัม ต่อลิ้นชัก'),
(2, 1, 1, 'Urbano', 'ปรับเปลี่ยนการจัดวางได้ตามใจ', '<p>ภายในลิ้นชัก สามารถปรับ เปลี่ยนการจัดวางได้ตามการใช้สอย เพื่อตอบสนองการใช้งานได้ทุกองศา รับน้ำหนักได้ 30 กิโลกรัม ต่อลิ้นชัก</p><p><div class=\"description-title\">รางลิ้นชักระบบ BLUMOTION</div><div class=\"description-content\">ราง soft close ซ่อนใต้ลิ้นชัก ทันสมัย เนียนตา การให้การใช้งานที่เงียบและ  นุ่มนวล</div>'),
(3, 2, 11, 'Tadao', 'ปรับเปลี่ยนการจัดวางได้ตามใจ', 'ภายในลิ้นชัก สามารถปรับ เปลี่ยนการจัดวางได้ตามการใช้สอย เพื่อตอบสนองการใช้งานได้ทุกองศา รับน้ำหนักได้ 30 กิโลกรัม ต่อลิ้นชัก'),
(4, 2, 11, 'Tadao', 'ปรับเปลี่ยนการจัดวางได้ตามใจ', 'ภายในลิ้นชัก สามารถปรับ เปลี่ยนการจัดวางได้ตามการใช้สอย เพื่อตอบสนองการใช้งานได้ทุกองศา รับน้ำหนักได้ 30 กิโลกรัม ต่อลิ้นชัก'),
(5, 2, 11, 'Tadao', 'บานพับตู้ระบบ BLUMOTION', 'เปิดปิด นุ่มนวล ทุกการใช้งาน'),
(6, 2, 11, 'Tadao', 'ช่องระบายอากาศ', 'ช่วยให้อากาศหมุนเวียน ลดการเกิดกลิ่นอับภายในตู้'),
(7, 3, 14, 'Tuscano', 'ลิ้นชักแบบ Push to open', 'เปิดลิ้นชัก อย่างนุ่มนวล ทันสมัยแบบไร้มือจับ เพียงกดหน้าบานลิ้นชัก'),
(8, 3, 14, 'Tuscano', 'ชั้นวางปรับระดับได้ตามใจ', 'ภายในตู้ สามารถปรับเปลี่ยนระดับได้อย่างง่ายดาย ตามการใช้งาน ตามความสะดวกที่คุณพอใจภายในตู้'),
(9, 3, 14, 'Tuscano', 'ตู้เก็บถังแก๊ส', 'ตอบสนองการใช้งานแบบครัวไทย เพิ่มช่องเก็บถังแก๊สที่มิดชิด สวยงามอยู่ในชุดครัวตอบสนองการใช้งานแบบครัวไทย เพิ่มช่องเก็บถังแก๊สที่มิดชิด สวยงามอยู่ในชุดครัว'),
(10, 3, 14, 'Tuscano', 'บานพับตู้ระบบ BLUMOTION', 'เปิดปิด นุ่มนวล ทุกการใช้งาน');

-- --------------------------------------------------------

--
-- Table structure for table `download`
--

CREATE TABLE `download` (
  `id` int(10) UNSIGNED NOT NULL,
  `title` varchar(500) NOT NULL,
  `image` varchar(1000) NOT NULL,
  `issue_date` datetime NOT NULL,
  `filename` varchar(1000) NOT NULL,
  `status` int(11) NOT NULL,
  `created_time` datetime NOT NULL DEFAULT CURRENT_TIMESTAMP,
  `updated_time` datetime DEFAULT NULL,
  `deleted_time` datetime DEFAULT NULL
) ENGINE=InnoDB DEFAULT CHARSET=utf8mb4;

--
-- Dumping data for table `download`
--

INSERT INTO `download` (`id`, `title`, `image`, `issue_date`, `filename`, `status`, `created_time`, `updated_time`, `deleted_time`) VALUES
(1, 'LET\'S SHOP', 'download-image-1.jpg', '2017-12-15 00:00:00', 'dl_file_2018-01-19_16-41-35.jpg', 1, '2018-01-18 17:14:46', NULL, NULL),
(2, 'LET\'S SHOP', 'download-image-1.jpg', '2017-12-15 00:00:00', '', 1, '2018-01-18 17:14:46', NULL, NULL),
(3, 'LET\'S SHOP', 'download-image-1.jpg', '2017-12-15 00:00:00', '', 1, '2018-01-18 17:14:46', NULL, NULL),
(4, 'LET\'S SHOP', 'download-image-1.jpg', '2018-01-19 00:00:00', '', 1, '2018-01-18 17:14:46', '2018-01-24 19:29:06', '2018-01-24 19:29:06'),
(14, 'JANUARY ISSUE', 'dl_2018-01-19_16-15-40.jpg', '2018-01-18 00:00:00', 'dl_file_2018-01-19_16-41-35.jpg', 1, '2018-01-19 16:15:40', '2018-01-19 16:46:57', NULL);

-- --------------------------------------------------------

--
-- Table structure for table `kitchen`
--

CREATE TABLE `kitchen` (
  `id` int(10) UNSIGNED NOT NULL,
  `code_name` varchar(100) NOT NULL,
  `title` varchar(500) NOT NULL,
  `description` text NOT NULL,
  `image` varchar(1000) NOT NULL,
  `detail_description` text NOT NULL,
  `is_360_view` int(10) UNSIGNED NOT NULL,
  `status` int(11) NOT NULL,
  `created_time` datetime NOT NULL DEFAULT CURRENT_TIMESTAMP,
  `updated_time` datetime DEFAULT NULL,
  `deleted_time` datetime DEFAULT NULL
) ENGINE=InnoDB DEFAULT CHARSET=utf8mb4;

--
-- Dumping data for table `kitchen`
--

INSERT INTO `kitchen` (`id`, `code_name`, `title`, `description`, `image`, `detail_description`, `is_360_view`, `status`, `created_time`, `updated_time`, `deleted_time`) VALUES
(1, 'Urbano', 'A Taste of\r\nDelicious Life', 'ในวิถีชีวิตสมัยใหม่ “ครัว“ ไม่ใช่แค่พื้นที่ปรุงอาหารมื้ออร่อยเท่านั้น แต่ครัวจะกลายเป็นส่วนหนึ่งของพื้นที่รับแขกเป็นเครื่องบ่งบอกรสนิยมของเจ้าของบ้าน เป็นจุดรวมเพื่อนฝูง หรือแม้แต่เป็นห้องนั่งเล่นได้ด้วยในบางวันพบชุดครัวที่จะสามารถสร้างหลากหลายรสชาติให้กับบ้านอย่างมีรสนิยม ที่ 360 kitchen', 'slide-1.jpg', 'ชุดครัวปูนโมเดิร์นด้วยพื้นผิวมันเงา มีให้เลือก 2 สี 2 อารมณ์ ขาวและดำ ตัดกับสีโลหะที่มีให้เลือกหลายเฉดสี ให้ความรู้สึกทั้งเรียบ เท่ และหรูหราในเวลาเดียวกัน พื้นที่จัดเก็บถูกออกแบบให้คุณสามารถปรับได้หลากหลายรูปแบสอดคล้องกับการใช้งาน ยกระดับสุนทรียภาพในการทำครัวสำหรับชีวิตยุคใหม่', 1, 1, '2018-01-18 14:15:42', '2018-03-05 19:27:17', NULL),
(2, 'Tadao', 'Making Life\r\nDelicious', 'เมื่อเราคิดแทนคุณเสมอว่า “ครัว” ที่อยู่ด้วยแล้วมีความสุขควรเป็นอย่างไร เราพบคำตอบว่ายิ่งเราเข้าใจความเป็นคุณได้มากเท่าไหร่ การออกแบบก็จะยิ่งเห็นรายละเอียดที่คุณต้องการจริงมากขึ้นเท่านั้นชุดครัว 360 kitchen จึงลงลึกในรายละเอียดให้เหมาะทุกการใช้งานให้ชีวิตในครัวของคุณ อร่อยได้ดังใจ', 'slide-2.jpg', 'ชุดครัวปูนสีเข้มสไตล์ Modern Loft ความเท่ที่ดูเรียบง่ายแต่แฝงด้วยดีเทลการออกแบบอย่างพิถีพิถัน ด้วยวัสดุไม้ กระจกและอะลูมิเนียมที่ถูกซ่อนไว้อย่างเรียบเนียนที่ตอบรับกับบ้านทุกองศาการจัดวางและการใช้งาน', 1, 1, '2018-01-18 14:15:42', '2018-03-05 21:09:55', NULL),
(3, 'Tuscano', 'Complete Life\r\nWithin Kitchen', 'เพราะเราอยากสร้างพื้นที่สร้างรสชาติของชีวิตของคุณเป็นจริงเราจึงใส่ใจอยู่เคียงข้างคุณอย่างครบวงจร นับตั้งแต่สำรวจสถานที่ การออกแบบ งานวางระบบไฟฟ้า ประปาการระบายอากาศ การติดตั้งตลอดถึงบริการหลังการขาย ทั้งหมดนี้เพื่อให้คุณได้ผลลัพธ์ที่สมบูรณ์แบบที่สุดอย่างที่ตั้งใจ', 'slide-3.jpg', 'อบอุ่นด้วยสีไม้โอ๊ค เอกลักษณ์ของชุดครัวปูนสไตล์อเมริกัน ที่จะทำให้บ้านดูเป็นกันเองสบายๆ แต่ซ่อนรายละเอียดการออกแบบไว้ เพื่อให้เหมาะกับวิถีของครัวไทย', 1, 1, '2018-01-18 14:15:42', '2018-01-25 18:03:40', NULL),
(4, 'New Kitchen', 'Complete Life\r\nWithin \r\nKitchen', 'เพราะเราอยากสร้างพื้นที่สร้างรสชาติของชีวิตของคุณเป็นจริงเราจึงใส่ใจอยู่เคียงข้างคุณอย่างครบวงจร นับตั้งแต่สำรวจสถานที่ การออกแบบ งานวางระบบไฟฟ้า ประปาการระบายอากาศ การติดตั้งตลอดถึงบริการหลังการขาย ทั้งหมดนี้เพื่อให้คุณได้ผลลัพธ์ที่สมบูรณ์แบบที่สุดอย่างที่ตั้งใจ', 'kc_image_2018-03-05_19-35-53.jpg', 'อบอุ่นด้วยสีไม้โอ๊ค เอกลักษณ์ของชุดครัวปูนสไตล์อเมริกัน ที่จะทำให้บ้านดูเป็นกันเองสบายๆ แต่ซ่อนรายละเอียดการออกแบบไว้ เพื่อให้เหมาะกับวิถีของครัวไทย', 0, 1, '2018-01-18 14:15:42', '2018-03-05 20:44:02', NULL),
(6, 'New Kitchen 2', 'New Kitchen 2\r\nAmazing', 'รายละเอียด', 'kc_image_2018-03-05_21-04-20.jpg', 'รายละเอียดในหน้า Gallery', 0, 1, '2018-03-05 21:04:20', '2018-03-05 21:10:27', '2018-03-05 21:10:27');

-- --------------------------------------------------------

--
-- Table structure for table `kitchen_component`
--

CREATE TABLE `kitchen_component` (
  `id` int(10) UNSIGNED NOT NULL,
  `title` varchar(1000) NOT NULL,
  `kitchen_id` int(10) UNSIGNED NOT NULL
) ENGINE=InnoDB DEFAULT CHARSET=utf8mb4;

--
-- Dumping data for table `kitchen_component`
--

INSERT INTO `kitchen_component` (`id`, `title`, `kitchen_id`) VALUES
(1, 'เลือกสีบานตู้', 1),
(2, 'สีขอบอะลูมิเนียมและกระจก', 1),
(3, 'สีบานตู้ มือจับอะลูมีเนียม', 2),
(4, 'สีกระจก', 2),
(5, 'สีบานตู้', 3),
(6, 'ลายกระจก', 3);

-- --------------------------------------------------------

--
-- Table structure for table `kitchen_gallery`
--

CREATE TABLE `kitchen_gallery` (
  `id` int(10) UNSIGNED NOT NULL,
  `kitchen_id` int(10) UNSIGNED NOT NULL,
  `image` varchar(1000) NOT NULL,
  `image_order` int(10) UNSIGNED NOT NULL
) ENGINE=InnoDB DEFAULT CHARSET=utf8mb4;

--
-- Dumping data for table `kitchen_gallery`
--

INSERT INTO `kitchen_gallery` (`id`, `kitchen_id`, `image`, `image_order`) VALUES
(8, 1, 'gi_2018-01-25_18-02-52_1.jpg', 0),
(9, 1, 'gi_2018-01-25_18-02-52_2.jpg', 2),
(10, 1, 'gi_2018-01-25_18-02-52_3.jpg', 1),
(11, 1, 'gi_2018-01-25_18-02-52_4.jpg', 3),
(12, 1, 'gi_2018-01-25_18-02-52_5.jpg', 4),
(13, 2, 'gi_2018-01-25_18-03-30_1.jpg', 0),
(14, 2, 'gi_2018-01-25_18-03-30_2.jpg', 1),
(15, 2, 'gi_2018-01-25_18-03-30_3.jpg', 2),
(16, 2, 'gi_2018-01-25_18-03-30_4.jpg', 3),
(17, 2, 'gi_2018-01-25_18-03-30_5.jpg', 4),
(18, 3, 'gi_2018-01-25_18-03-40_1.jpg', 0),
(19, 3, 'gi_2018-01-25_18-03-40_2.jpg', 1),
(20, 3, 'gi_2018-01-25_18-03-40_3.jpg', 2),
(21, 3, 'gi_2018-01-25_18-03-40_4.jpg', 3),
(22, 3, 'gi_2018-01-25_18-03-40_5.jpg', 4),
(23, 4, 'gi_2018-03-05_19-31-50_1.jpg', 0),
(24, 4, 'gi_2018-03-05_19-31-50_2.jpg', 1),
(37, 6, 'gi_2018-03-05_21-07-29_1.jpg', 0),
(40, 6, 'gi_2018-03-05_21-07-55_1.jpg', 2),
(41, 6, 'gi_2018-03-05_21-07-55_2.jpg', 1),
(42, 6, 'gi_2018-03-05_21-07-55_3.jpg', 3);

-- --------------------------------------------------------

--
-- Table structure for table `location`
--

CREATE TABLE `location` (
  `id` int(10) UNSIGNED NOT NULL,
  `name` varchar(1000) NOT NULL,
  `address` text NOT NULL,
  `address_th` text NOT NULL,
  `tel` varchar(100) NOT NULL,
  `fax` varchar(100) NOT NULL,
  `map_url` varchar(1000) NOT NULL,
  `created_time` datetime NOT NULL DEFAULT CURRENT_TIMESTAMP,
  `updated_time` datetime DEFAULT NULL,
  `deleted_time` datetime DEFAULT NULL
) ENGINE=InnoDB DEFAULT CHARSET=utf8mb4;

--
-- Dumping data for table `location`
--

INSERT INTO `location` (`id`, `name`, `address`, `address_th`, `tel`, `fax`, `map_url`, `created_time`, `updated_time`, `deleted_time`) VALUES
(1, 'Boonthavorn Ratchadapisek', '234 Ratchadapisek Road, Dindaeng, Dindaeng, Bangkok 10310', '243 ถ.รัชดาภิเษก แขวงดินแดง เขต ดินแดง กทม. 10400', '0.2275.0029', '0.2276.2028', 'https://www.google.com/maps/@13.7944367,100.5739531,2a,90y,98.44h,86.87t/data=!3m6!1e1!3m4!1sNM1pC6qi9vYAAAQ8sT8aXw!2e0!7i7080!8i3540', '2018-01-18 12:07:09', NULL, NULL),
(2, 'Boonthavorn Pinklao', '29/41 Moo 11 Sala Dhammasop, Taweewattana, Bangkok 10170', '29/41 หมู่ 11 แขวงศาลาธรรมสพน์ เขตทวีวัฒนา กทม. 10170', '0.2441.3075', '0.2441.4049', 'https://www.google.com/maps/@13.7862617,100.3726943,2a,90y,356.71h,106.02t/data=!3m6!1e1!3m4!1sUbiLkWRmvXIAAAQ3sbf-lg!2e0!7i7108!8i3554', '2018-01-18 12:07:09', NULL, NULL),
(3, 'Boonthavorn Rama II', '82/4 Moo.1 Bang Nam Jued Mueang Samut Sakhon District Samut Sakhon 74000', '82/4 หมู่ 1 ต.บางน้ำจืด อ.เมืองสมุทรสาคร จ.สมุทรสาคร 74000', '02.105.4143', '0.2896.4473', 'https://www.google.com/maps/@13.6069345,100.3758388,3a,90y,342.78h,95.96t/data=!3m7!1e1!3m5!1s-wmFuypftUGc%2FWSu75sejYyI%2FAAAAAAAB-Rw%2FMILjheFf_MYpOY_sKiJp-MMWFoYl2e4aACLIBGAYYCw!2e4!3e12!7i7168!8i3584', '2018-01-18 12:07:09', NULL, NULL),
(4, 'Boonthavorn Rangsit', '23 Moo 3 Paholyothin Road, Klong Nueng, Klong Luang, Pathumthani 12120', '23 หมู่ 3 ถ.พหลโยธิน ต.คลองหนึ่ง อ.คลองหลวง จ.ปทุมธานี 12120', '0.2902.0171-9', '0.2902.0184', 'https://www.google.com/maps/@14.0264679,100.6145081,2a,90y,185.02h,113.77t/data=!3m6!1e1!3m4!1spVlAbiA-W-IAAAQ8sT97wQ!2e0!7i7112!8i3556', '2018-01-18 12:07:09', NULL, NULL),
(5, 'Boonthavorn Suvarnabhumi', '15/2 Moo 14 Bangna-Trad Road, Bangplee Yai, Bangplee, Samutprakarn 10540', '15/2 หมู่ 14 ถ.บางนา-ตราด ต.บางพลีใหญ่ อ.บางพลี จ.สมุทรปราการ 10540', '0.2316.0429-32', '0.2316.0438', 'https://www.google.com/maps/@13.6460257,100.6919514,2a,90y,1.22h,102.26t/data=!3m6!1e1!3m4!1sFs3ea1WlGYgAAAQ8sT9BQQ!2e0!7i7080!8i3540', '2018-01-18 12:07:09', NULL, NULL),
(6, 'Boonthavorn Pattaya', '88/8 Moo 9 Nongprue, Banglamoong, Cholburi 20150', '88/8 หมู่ 9 ต.หนองปรือ อ.บางละมุง จ.ชลบุรี 20150', '0.3805.2222', '0.3805.2260', 'https://www.google.com/maps/@12.9395175,100.9021551,2a,90y,277.34h,106.27t/data=!3m6!1e1!3m4!1sBYBMnIRc-gYAAAQ8sTzrtA!2e0!7i7132!8i3566', '2018-01-18 12:07:09', NULL, NULL),
(8, 'Boonthavorn Kaset nawamin', '999,999/1 Soi Prasertmanukit 33, Prasertmanukit Rd, Nuanjan, Bungkum, Bangkok 10240', '999,999/1 ซ.ประเสริฐมนูกิจ 33 ถ.ประเสริฐมนูกิจ แขวงนวลจันทร์ เขตบึงกุ่ม กทม.10240', '02.791.2777', '', 'https://www.google.com/maps/@13.8211446,100.6340726,2a,90y,323.53h,89.62t/data=!3m6!1e1!3m4!1sa17kF0PZa_UAAAQ3sbiHqA!2e0!7i7140!8i3570', '2018-01-18 12:07:09', NULL, NULL),
(9, 'Boonthavorn Hua Hin', '4/48 Bo Fai Hua Hin Prachuap Khiri Khan 77110', '4/48 หมู่บ้านบ่อฝ้าย ต.หัวหิน อ.หัวหิน จ.ประจวบคีรีขันธ์ 7711', '032.522.555', '', 'https://www.google.com/maps/@12.5954185,99.948223,3a,82.2y,59.91h,99.2t/data=!3m7!1e1!3m5!1s-trUF02MiT98%2FWS0WLqO_I-I%2FAAAAAAAB_0I%2FMmGe93WXEc8lCNoH3Ptbhp5rlQKYzFy8QCLIBGAYYCw!2e4!3e12!7i7116!8i3558', '2018-01-18 12:07:09', NULL, NULL),
(10, 'Boonthavorn Chiang Mai', '246 Moo 2 Nong Phueng, Saraphi District, Chiang Mai 50140', '246 หมู่ 2 ต.หนองผึ้ง อ.สารภี จ.เชียงใหม่ 50140', '053.105.099', '', 'https://www.google.com/maps/@18.744347,99.0357371,2a,82.2y,1.43h,90.19t/data=!3m6!1e1!3m4!1sFoEnup5TQyEAAAQvxTL_dQ!2e0!7i7084!8i3542', '2018-01-18 12:07:09', NULL, NULL),
(11, 'Boonthavorn Surat Thani', '100/17 Moo 6, Chonkasem Rd, Makham Tia, Mueang Surat Thani District, Surat Thani 84000', '100/17 หมู่ 6 ถ.ชนเกษม ต.มะขามเตี้ย อ.เมืองสุราษฎร์ธานี จ.สุราษฎร์ธานี 84000', '077.237.000', '', 'https://www.google.com/maps/@9.1129762,99.3433843,2a,90y,341.24h,81.54t/data=!3m6!1e1!3m4!1sGDffvNgDw7gAAAQ8sT6u6A!2e0!7i7128!8i3564', '2018-01-18 12:07:09', NULL, NULL),
(12, 'Boonthavorn Udon Thani', '534 Moo4 Ban Lueam, Mueang Udon Thani District, Udon Thani 41000', '534 หมู่ 4 ต.บ้านเลื่อม อ.เมืองอุดรธานี จ.อุดรธานี 41000', '042.215.678', '', 'https://www.google.com/maps/@17.4045996,102.7648661,3a,90y,310.88h,89.48t/data=!3m7!1e1!3m5!1s-h-Qm-wmVYP8%2FWTT5aeh9mUI%2FAAAAAAACAPk%2FNRfoUK1_w6ILOaBQuRpZOxw56JgFjPyQwCLIBGAYYCw!2e4!3e12!7i7112!8i3556', '2018-01-18 12:07:09', NULL, NULL);

-- --------------------------------------------------------

--
-- Table structure for table `specification`
--

CREATE TABLE `specification` (
  `id` int(10) UNSIGNED NOT NULL,
  `name` varchar(500) NOT NULL,
  `description` text NOT NULL,
  `image` varchar(1000) NOT NULL,
  `status` int(11) NOT NULL,
  `created_time` datetime NOT NULL DEFAULT CURRENT_TIMESTAMP,
  `updated_time` datetime DEFAULT NULL,
  `deleted_time` datetime DEFAULT NULL
) ENGINE=InnoDB DEFAULT CHARSET=utf8mb4;

--
-- Dumping data for table `specification`
--

INSERT INTO `specification` (`id`, `name`, `description`, `image`, `status`, `created_time`, `updated_time`, `deleted_time`) VALUES
(1, 'Hinged', '<ul>\r\n<li>The size of the cabinet.</li>\r\n<li>Separation of equipment. Can be handled easily.</li>\r\n<li>Size ranging from 40 to 100 cm wide.</li>\r\n</ul>', 'hinged.jpg', 1, '2018-01-18 21:39:17', NULL, NULL),
(2, 'Drawer rail 1', '<ul>\r\n<li>The size of the cabinet.</li>\r\n<li>Separation of equipment. Can be handled easily.</li>\r\n<li>Size ranging from 40 to 100 cm wide.</li>\r\n</ul>', '', 1, '2018-01-18 21:39:17', '2018-01-23 15:57:26', NULL),
(3, 'Drawer rail 2 Drawer rail 2', '<ul>\r\n<li>The size of the cabinet.</li>\r\n<li>Separation of equipment. Can be handled easily.</li>\r\n<li>Size ranging from 40 to 100 cm wide.</li>\r\n</ul>', '', 1, '2018-01-18 21:39:17', NULL, NULL),
(4, 'test', 'tsetsetset', 'ss_image_2018-01-23_15-50-09.jpg', 1, '2018-01-23 15:50:09', '2018-01-23 16:03:11', '2018-01-23 16:03:11'),
(5, 'New Spec', '<ul>\r\n<li>The size of the cabinet.</li>\r\n<li>Separation of equipment. Can be handled easily.</li>\r\n<li>Size ranging from 40 to 100 cm wide.</li>\r\n</ul>', 'ss_image_2018-01-24_11-26-17.jpg', 1, '2018-01-24 11:26:17', NULL, NULL);

-- --------------------------------------------------------

--
-- Table structure for table `subscriber`
--

CREATE TABLE `subscriber` (
  `id` int(11) NOT NULL,
  `email` varchar(1000) NOT NULL,
  `created_time` datetime NOT NULL DEFAULT CURRENT_TIMESTAMP
) ENGINE=InnoDB DEFAULT CHARSET=utf8mb4;

--
-- Indexes for dumped tables
--

--
-- Indexes for table `accessaries`
--
ALTER TABLE `accessaries`
  ADD PRIMARY KEY (`id`);

--
-- Indexes for table `admin`
--
ALTER TABLE `admin`
  ADD PRIMARY KEY (`id`);

--
-- Indexes for table `ci_sessions`
--
ALTER TABLE `ci_sessions`
  ADD KEY `ci_sessions_timestamp` (`timestamp`);

--
-- Indexes for table `component_item`
--
ALTER TABLE `component_item`
  ADD PRIMARY KEY (`id`) USING BTREE,
  ADD KEY `component_id` (`component_id`,`item_id`);

--
-- Indexes for table `component_media_detail_file`
--
ALTER TABLE `component_media_detail_file`
  ADD PRIMARY KEY (`id`);

--
-- Indexes for table `component_set`
--
ALTER TABLE `component_set`
  ADD PRIMARY KEY (`id`);

--
-- Indexes for table `component_set_image_detail_map`
--
ALTER TABLE `component_set_image_detail_map`
  ADD PRIMARY KEY (`id`);

--
-- Indexes for table `component_set_media`
--
ALTER TABLE `component_set_media`
  ADD PRIMARY KEY (`id`);

--
-- Indexes for table `component_set_media_detail`
--
ALTER TABLE `component_set_media_detail`
  ADD PRIMARY KEY (`id`);

--
-- Indexes for table `download`
--
ALTER TABLE `download`
  ADD PRIMARY KEY (`id`);

--
-- Indexes for table `kitchen`
--
ALTER TABLE `kitchen`
  ADD PRIMARY KEY (`id`);

--
-- Indexes for table `kitchen_component`
--
ALTER TABLE `kitchen_component`
  ADD PRIMARY KEY (`id`);

--
-- Indexes for table `kitchen_gallery`
--
ALTER TABLE `kitchen_gallery`
  ADD PRIMARY KEY (`id`);

--
-- Indexes for table `location`
--
ALTER TABLE `location`
  ADD PRIMARY KEY (`id`);

--
-- Indexes for table `specification`
--
ALTER TABLE `specification`
  ADD PRIMARY KEY (`id`);

--
-- Indexes for table `subscriber`
--
ALTER TABLE `subscriber`
  ADD PRIMARY KEY (`id`);

--
-- AUTO_INCREMENT for dumped tables
--

--
-- AUTO_INCREMENT for table `accessaries`
--
ALTER TABLE `accessaries`
  MODIFY `id` int(11) NOT NULL AUTO_INCREMENT, AUTO_INCREMENT=3;
--
-- AUTO_INCREMENT for table `admin`
--
ALTER TABLE `admin`
  MODIFY `id` int(10) UNSIGNED NOT NULL AUTO_INCREMENT, AUTO_INCREMENT=2;
--
-- AUTO_INCREMENT for table `component_media_detail_file`
--
ALTER TABLE `component_media_detail_file`
  MODIFY `id` int(10) UNSIGNED NOT NULL AUTO_INCREMENT, AUTO_INCREMENT=24;
--
-- AUTO_INCREMENT for table `component_set`
--
ALTER TABLE `component_set`
  MODIFY `id` int(10) UNSIGNED NOT NULL AUTO_INCREMENT, AUTO_INCREMENT=16;
--
-- AUTO_INCREMENT for table `component_set_image_detail_map`
--
ALTER TABLE `component_set_image_detail_map`
  MODIFY `id` int(10) UNSIGNED NOT NULL AUTO_INCREMENT, AUTO_INCREMENT=2001;
--
-- AUTO_INCREMENT for table `component_set_media`
--
ALTER TABLE `component_set_media`
  MODIFY `id` int(10) UNSIGNED NOT NULL AUTO_INCREMENT, AUTO_INCREMENT=3001;
--
-- AUTO_INCREMENT for table `component_set_media_detail`
--
ALTER TABLE `component_set_media_detail`
  MODIFY `id` int(10) UNSIGNED NOT NULL AUTO_INCREMENT, AUTO_INCREMENT=11;
--
-- AUTO_INCREMENT for table `download`
--
ALTER TABLE `download`
  MODIFY `id` int(10) UNSIGNED NOT NULL AUTO_INCREMENT, AUTO_INCREMENT=15;
--
-- AUTO_INCREMENT for table `kitchen`
--
ALTER TABLE `kitchen`
  MODIFY `id` int(10) UNSIGNED NOT NULL AUTO_INCREMENT, AUTO_INCREMENT=7;
--
-- AUTO_INCREMENT for table `kitchen_component`
--
ALTER TABLE `kitchen_component`
  MODIFY `id` int(10) UNSIGNED NOT NULL AUTO_INCREMENT, AUTO_INCREMENT=7;
--
-- AUTO_INCREMENT for table `kitchen_gallery`
--
ALTER TABLE `kitchen_gallery`
  MODIFY `id` int(10) UNSIGNED NOT NULL AUTO_INCREMENT, AUTO_INCREMENT=43;
--
-- AUTO_INCREMENT for table `location`
--
ALTER TABLE `location`
  MODIFY `id` int(10) UNSIGNED NOT NULL AUTO_INCREMENT, AUTO_INCREMENT=13;
--
-- AUTO_INCREMENT for table `specification`
--
ALTER TABLE `specification`
  MODIFY `id` int(10) UNSIGNED NOT NULL AUTO_INCREMENT, AUTO_INCREMENT=6;
--
-- AUTO_INCREMENT for table `subscriber`
--
ALTER TABLE `subscriber`
  MODIFY `id` int(11) NOT NULL AUTO_INCREMENT;
/*!40101 SET CHARACTER_SET_CLIENT=@OLD_CHARACTER_SET_CLIENT */;
/*!40101 SET CHARACTER_SET_RESULTS=@OLD_CHARACTER_SET_RESULTS */;
/*!40101 SET COLLATION_CONNECTION=@OLD_COLLATION_CONNECTION */;
